{
  "type": "FeatureCollection",
  "features": [
    {
      "type": "Feature",
      "properties": {
        "name": "新北巿坪林區坪林實驗國中",
        "district": "坪林區",
        "city": "newtaipei",
        "risk_level": "medium",
        "supplier_name": "新北市石碇區石碇高中",
        "last_incident_date": "2026-03-16"
      },
      "geometry": {
        "type": "Point",
        "coordinates": [
          121.7126394,
          24.9376175
        ]
      }
    },
    {
      "type": "Feature",
      "properties": {
        "name": "新北市三峽區三峽國中",
        "district": "三峽區",
        "city": "newtaipei",
        "risk_level": "medium",
        "supplier_name": "新北市三峽區三峽國中",
        "last_incident_date": "2026-03-16"
      },
      "geometry": {
        "type": "Point",
        "coordinates": [
          121.369127,
          24.939053
        ]
      }
    },
    {
      "type": "Feature",
      "properties": {
        "name": "新北市三峽區三峽國小",
        "district": "三峽區",
        "city": "newtaipei",
        "risk_level": "medium",
        "supplier_name": "上將食品有限公司；雙翼食品有限公司",
        "last_incident_date": "2026-03-16"
      },
      "geometry": {
        "type": "Point",
        "coordinates": [
          121.3678873,
          24.9356959
        ]
      }
    },
    {
      "type": "Feature",
      "properties": {
        "name": "新北市三峽區中園國小",
        "district": "三峽區",
        "city": "newtaipei",
        "risk_level": "medium",
        "supplier_name": "統鮮美食股份有限公司(新北北大國小)",
        "last_incident_date": "2026-03-16"
      },
      "geometry": {
        "type": "Point",
        "coordinates": [
          121.3670898,
          24.9278051
        ]
      }
    },
    {
      "type": "Feature",
      "properties": {
        "name": "新北市三峽區五寮國小",
        "district": "三峽區",
        "city": "newtaipei",
        "risk_level": "medium",
        "supplier_name": "新北市三峽區五寮國小",
        "last_incident_date": "2026-03-08"
      },
      "geometry": {
        "type": "Point",
        "coordinates": [
          121.3597717,
          24.8589276
        ]
      }
    },
    {
      "type": "Feature",
      "properties": {
        "name": "新北市三峽區介壽國小",
        "district": "三峽區",
        "city": "newtaipei",
        "risk_level": "medium",
        "supplier_name": "宏遠國際餐飲股份有限公司",
        "last_incident_date": "2026-03-16"
      },
      "geometry": {
        "type": "Point",
        "coordinates": [
          121.3785248,
          24.9299258
        ]
      }
    },
    {
      "type": "Feature",
      "properties": {
        "name": "新北市三峽區北大國小",
        "district": "三峽區",
        "city": "newtaipei",
        "risk_level": "medium",
        "supplier_name": "統鮮美食股份有限公司(新北北大國小)",
        "last_incident_date": "2026-03-16"
      },
      "geometry": {
        "type": "Point",
        "coordinates": [
          121.3731836,
          24.9392516
        ]
      }
    },
    {
      "type": "Feature",
      "properties": {
        "name": "新北市三峽區大埔國小",
        "district": "三峽區",
        "city": "newtaipei",
        "risk_level": "medium",
        "supplier_name": "統鮮美食股份有限公司(明德高中)",
        "last_incident_date": "2026-03-16"
      },
      "geometry": {
        "type": "Point",
        "coordinates": [
          121.366478,
          24.905644
        ]
      }
    },
    {
      "type": "Feature",
      "properties": {
        "name": "新北市三峽區大成國小",
        "district": "三峽區",
        "city": "newtaipei",
        "risk_level": "medium",
        "supplier_name": "新北市三峽區大成國小",
        "last_incident_date": "2026-03-16"
      },
      "geometry": {
        "type": "Point",
        "coordinates": [
          121.427319,
          24.924273
        ]
      }
    },
    {
      "type": "Feature",
      "properties": {
        "name": "新北市三峽區安溪國中",
        "district": "三峽區",
        "city": "newtaipei",
        "risk_level": "medium",
        "supplier_name": "上將食品有限公司",
        "last_incident_date": "2026-03-16"
      },
      "geometry": {
        "type": "Point",
        "coordinates": [
          121.3728151,
          24.9265939
        ]
      }
    },
    {
      "type": "Feature",
      "properties": {
        "name": "新北市三峽區安溪國小",
        "district": "三峽區",
        "city": "newtaipei",
        "risk_level": "medium",
        "supplier_name": "宏遠國際餐飲股份有限公司",
        "last_incident_date": "2026-03-16"
      },
      "geometry": {
        "type": "Point",
        "coordinates": [
          121.372483,
          24.9310827
        ]
      }
    },
    {
      "type": "Feature",
      "properties": {
        "name": "新北市三峽區建安國小",
        "district": "三峽區",
        "city": "newtaipei",
        "risk_level": "medium",
        "supplier_name": "新北市三峽區建安國小",
        "last_incident_date": "2026-03-08"
      },
      "geometry": {
        "type": "Point",
        "coordinates": [
          121.447118,
          24.9263189
        ]
      }
    },
    {
      "type": "Feature",
      "properties": {
        "name": "新北市三峽區成福國小",
        "district": "三峽區",
        "city": "newtaipei",
        "risk_level": "medium",
        "supplier_name": "新北市三峽區成福國小",
        "last_incident_date": "2026-03-16"
      },
      "geometry": {
        "type": "Point",
        "coordinates": [
          121.405542,
          24.933094
        ]
      }
    },
    {
      "type": "Feature",
      "properties": {
        "name": "新北市三峽區插角森林實驗國小",
        "district": "三峽區",
        "city": "newtaipei",
        "risk_level": "medium",
        "supplier_name": "新北市三峽區插角森林實驗國小",
        "last_incident_date": "2026-03-16"
      },
      "geometry": {
        "type": "Point",
        "coordinates": [
          121.4053879,
          24.8724953
        ]
      }
    },
    {
      "type": "Feature",
      "properties": {
        "name": "新北市三峽區有木國小",
        "district": "三峽區",
        "city": "newtaipei",
        "risk_level": "medium",
        "supplier_name": "新北市三峽區有木國小",
        "last_incident_date": "2026-03-16"
      },
      "geometry": {
        "type": "Point",
        "coordinates": [
          121.4369247,
          24.8536199
        ]
      }
    },
    {
      "type": "Feature",
      "properties": {
        "name": "新北市三峽區民義國小",
        "district": "三峽區",
        "city": "newtaipei",
        "risk_level": "medium",
        "supplier_name": "新北市三峽區民義國小",
        "last_incident_date": "2026-03-16"
      },
      "geometry": {
        "type": "Point",
        "coordinates": [
          121.375543,
          24.9118949
        ]
      }
    },
    {
      "type": "Feature",
      "properties": {
        "name": "新北市三峽區龍埔國小",
        "district": "三峽區",
        "city": "newtaipei",
        "risk_level": "medium",
        "supplier_name": "統鮮美食股份有限公司(新北北大國小)",
        "last_incident_date": "2026-03-16"
      },
      "geometry": {
        "type": "Point",
        "coordinates": [
          121.3773504,
          24.9403944
        ]
      }
    },
    {
      "type": "Feature",
      "properties": {
        "name": "新北市三芝區三芝國中",
        "district": "三芝區",
        "city": "newtaipei",
        "risk_level": "medium",
        "supplier_name": "愛欣食品有限公司",
        "last_incident_date": "2026-03-16"
      },
      "geometry": {
        "type": "Point",
        "coordinates": [
          121.5018147,
          25.259347
        ]
      }
    },
    {
      "type": "Feature",
      "properties": {
        "name": "新北市三芝區橫山國小",
        "district": "三芝區",
        "city": "newtaipei",
        "risk_level": "medium",
        "supplier_name": "新北市三芝區橫山國小",
        "last_incident_date": "2026-03-16"
      },
      "geometry": {
        "type": "Point",
        "coordinates": [
          121.5299089,
          25.2586728
        ]
      }
    },
    {
      "type": "Feature",
      "properties": {
        "name": "新北市三芝區興華國小",
        "district": "三芝區",
        "city": "newtaipei",
        "risk_level": "medium",
        "supplier_name": "新北市三芝區三芝國小",
        "last_incident_date": "2026-03-16"
      },
      "geometry": {
        "type": "Point",
        "coordinates": [
          121.501346,
          25.204497
        ]
      }
    },
    {
      "type": "Feature",
      "properties": {
        "name": "新北市三重區三光國小",
        "district": "三重區",
        "city": "newtaipei",
        "risk_level": "medium",
        "supplier_name": "新北食品股份有限公司(新北市蘆洲國小)",
        "last_incident_date": "2026-03-16"
      },
      "geometry": {
        "type": "Point",
        "coordinates": [
          121.4965556,
          25.0563449
        ]
      }
    },
    {
      "type": "Feature",
      "properties": {
        "name": "新北市三重區三和國中",
        "district": "三重區",
        "city": "newtaipei",
        "risk_level": "high",
        "supplier_name": "新北食品股份有限公司；統鮮美食股份有限公司",
        "last_incident_date": "2026-03-16"
      },
      "geometry": {
        "type": "Point",
        "coordinates": [
          121.4868237,
          25.0756513
        ]
      }
    },
    {
      "type": "Feature",
      "properties": {
        "name": "新北市三重區三重國小",
        "district": "三重區",
        "city": "newtaipei",
        "risk_level": "medium",
        "supplier_name": "統鮮美食股份有限公司(光榮國小)",
        "last_incident_date": "2026-03-16"
      },
      "geometry": {
        "type": "Point",
        "coordinates": [
          121.4980451,
          25.0700091
        ]
      }
    },
    {
      "type": "Feature",
      "properties": {
        "name": "新北市三重區二重國中",
        "district": "三重區",
        "city": "newtaipei",
        "risk_level": "medium",
        "supplier_name": "上將食品有限公司",
        "last_incident_date": "2026-03-16"
      },
      "geometry": {
        "type": "Point",
        "coordinates": [
          121.4800173,
          25.0658422
        ]
      }
    },
    {
      "type": "Feature",
      "properties": {
        "name": "新北市三重區二重國小",
        "district": "三重區",
        "city": "newtaipei",
        "risk_level": "medium",
        "supplier_name": "上將食品有限公司",
        "last_incident_date": "2026-03-16"
      },
      "geometry": {
        "type": "Point",
        "coordinates": [
          121.4781955,
          25.0656298
        ]
      }
    },
    {
      "type": "Feature",
      "properties": {
        "name": "新北市三重區五華國小",
        "district": "三重區",
        "city": "newtaipei",
        "risk_level": "medium",
        "supplier_name": "統鮮美食股份有限公司(新北碧華國中)",
        "last_incident_date": "2026-03-16"
      },
      "geometry": {
        "type": "Point",
        "coordinates": [
          121.4925083,
          25.0882684
        ]
      }
    },
    {
      "type": "Feature",
      "properties": {
        "name": "新北市三重區修德國小",
        "district": "三重區",
        "city": "newtaipei",
        "risk_level": "medium",
        "supplier_name": "宏遠國際餐飲股份有限公司",
        "last_incident_date": "2026-03-16"
      },
      "geometry": {
        "type": "Point",
        "coordinates": [
          121.4895177,
          25.0652191
        ]
      }
    },
    {
      "type": "Feature",
      "properties": {
        "name": "新北市三重區光榮國中",
        "district": "三重區",
        "city": "newtaipei",
        "risk_level": "medium",
        "supplier_name": "統鮮美食股份有限公司(光榮國小)",
        "last_incident_date": "2026-03-16"
      },
      "geometry": {
        "type": "Point",
        "coordinates": [
          121.4999178,
          25.0704534
        ]
      }
    },
    {
      "type": "Feature",
      "properties": {
        "name": "新北市三重區光榮國小",
        "district": "三重區",
        "city": "newtaipei",
        "risk_level": "medium",
        "supplier_name": "統鮮美食股份有限公司(光榮國小)",
        "last_incident_date": "2026-03-16"
      },
      "geometry": {
        "type": "Point",
        "coordinates": [
          121.501357,
          25.0708236
        ]
      }
    },
    {
      "type": "Feature",
      "properties": {
        "name": "新北市三重區光興國小",
        "district": "三重區",
        "city": "newtaipei",
        "risk_level": "medium",
        "supplier_name": "愛欣食品有限公司(新北市三重區正義國小)",
        "last_incident_date": "2026-03-16"
      },
      "geometry": {
        "type": "Point",
        "coordinates": [
          121.498799,
          25.059034
        ]
      }
    },
    {
      "type": "Feature",
      "properties": {
        "name": "新北市三重區厚德國小",
        "district": "三重區",
        "city": "newtaipei",
        "risk_level": "medium",
        "supplier_name": "上將食品有限公司；宏遠國際餐飲股份有限公司",
        "last_incident_date": "2026-03-16"
      },
      "geometry": {
        "type": "Point",
        "coordinates": [
          121.4887117,
          25.0717225
        ]
      }
    },
    {
      "type": "Feature",
      "properties": {
        "name": "新北市三重區明志國中",
        "district": "三重區",
        "city": "newtaipei",
        "risk_level": "high",
        "supplier_name": "上將食品有限公司；統鮮美食股份有限公司",
        "last_incident_date": "2026-03-16"
      },
      "geometry": {
        "type": "Point",
        "coordinates": [
          121.4890227,
          25.0634787
        ]
      }
    },
    {
      "type": "Feature",
      "properties": {
        "name": "新北市三重區正義國小",
        "district": "三重區",
        "city": "newtaipei",
        "risk_level": "medium",
        "supplier_name": "愛欣食品有限公司(新北市三重區正義國小)",
        "last_incident_date": "2026-03-16"
      },
      "geometry": {
        "type": "Point",
        "coordinates": [
          121.4958796,
          25.0650447
        ]
      }
    },
    {
      "type": "Feature",
      "properties": {
        "name": "新北市三重區永福國小",
        "district": "三重區",
        "city": "newtaipei",
        "risk_level": "high",
        "supplier_name": "愛欣食品有限公司(新北巿三重區碧華國小)",
        "last_incident_date": "2026-03-16"
      },
      "geometry": {
        "type": "Point",
        "coordinates": [
          121.4800481,
          25.0769701
        ]
      }
    },
    {
      "type": "Feature",
      "properties": {
        "name": "新北市三重區碧華國中",
        "district": "三重區",
        "city": "newtaipei",
        "risk_level": "medium",
        "supplier_name": "統鮮美食股份有限公司(新北碧華國中)",
        "last_incident_date": "2026-03-16"
      },
      "geometry": {
        "type": "Point",
        "coordinates": [
          121.488933,
          25.087156
        ]
      }
    },
    {
      "type": "Feature",
      "properties": {
        "name": "新北市三重區碧華國小",
        "district": "三重區",
        "city": "newtaipei",
        "risk_level": "high",
        "supplier_name": "愛欣食品有限公司(新北巿三重區碧華國小)",
        "last_incident_date": "2026-03-16"
      },
      "geometry": {
        "type": "Point",
        "coordinates": [
          121.4895168,
          25.0847532
        ]
      }
    },
    {
      "type": "Feature",
      "properties": {
        "name": "新北市三重區興穀國小",
        "district": "三重區",
        "city": "newtaipei",
        "risk_level": "medium",
        "supplier_name": "新北市新莊區國泰國小",
        "last_incident_date": "2026-03-08"
      },
      "geometry": {
        "type": "Point",
        "coordinates": [
          121.4745044,
          25.0502378
        ]
      }
    },
    {
      "type": "Feature",
      "properties": {
        "name": "新北市三重區重陽國小",
        "district": "三重區",
        "city": "newtaipei",
        "risk_level": "medium",
        "supplier_name": "新北市三重區重陽國小",
        "last_incident_date": "2026-03-16"
      },
      "geometry": {
        "type": "Point",
        "coordinates": [
          121.4844464,
          25.0671334
        ]
      }
    },
    {
      "type": "Feature",
      "properties": {
        "name": "新北市三重區集美國小",
        "district": "三重區",
        "city": "newtaipei",
        "risk_level": "medium",
        "supplier_name": "上將食品有限公司；宏遠國際餐飲股份有限公司；統鮮美食股份有限公司",
        "last_incident_date": "2026-03-16"
      },
      "geometry": {
        "type": "Point",
        "coordinates": [
          121.4880016,
          25.05656
        ]
      }
    },
    {
      "type": "Feature",
      "properties": {
        "name": "新北市中和區中和國中",
        "district": "中和區",
        "city": "newtaipei",
        "risk_level": "medium",
        "supplier_name": "上將食品有限公司；統鮮美食股份有限公司",
        "last_incident_date": "2026-03-16"
      },
      "geometry": {
        "type": "Point",
        "coordinates": [
          121.5087918,
          24.9855434
        ]
      }
    },
    {
      "type": "Feature",
      "properties": {
        "name": "新北市中和區中和國小",
        "district": "中和區",
        "city": "newtaipei",
        "risk_level": "medium",
        "supplier_name": "統鮮美食股份有限公司(新北漳和國中)",
        "last_incident_date": "2026-03-16"
      },
      "geometry": {
        "type": "Point",
        "coordinates": [
          121.5017235,
          24.999898
        ]
      }
    },
    {
      "type": "Feature",
      "properties": {
        "name": "新北市中和區光復國小",
        "district": "中和區",
        "city": "newtaipei",
        "risk_level": "medium",
        "supplier_name": "久翔食品股份有限公司；雙翼食品有限公司",
        "last_incident_date": "2026-03-16"
      },
      "geometry": {
        "type": "Point",
        "coordinates": [
          121.4831365,
          25.0151637
        ]
      }
    },
    {
      "type": "Feature",
      "properties": {
        "name": "新北市中和區復興國小",
        "district": "中和區",
        "city": "newtaipei",
        "risk_level": "medium",
        "supplier_name": "上將食品有限公司；雙翼食品有限公司",
        "last_incident_date": "2026-03-16"
      },
      "geometry": {
        "type": "Point",
        "coordinates": [
          121.501898,
          24.989664
        ]
      }
    },
    {
      "type": "Feature",
      "properties": {
        "name": "新北市中和區景新國小",
        "district": "中和區",
        "city": "newtaipei",
        "risk_level": "medium",
        "supplier_name": "上將食品有限公司；雙翼食品有限公司",
        "last_incident_date": "2026-03-16"
      },
      "geometry": {
        "type": "Point",
        "coordinates": [
          121.5157675,
          24.9895503
        ]
      }
    },
    {
      "type": "Feature",
      "properties": {
        "name": "新北市中和區漳和國中",
        "district": "中和區",
        "city": "newtaipei",
        "risk_level": "high",
        "supplier_name": "統鮮美食股份有限公司(新北漳和國中)",
        "last_incident_date": "2026-03-27"
      },
      "geometry": {
        "type": "Point",
        "coordinates": [
          121.5056702,
          25.0020142
        ]
      }
    },
    {
      "type": "Feature",
      "properties": {
        "name": "新北市中和區秀山國小",
        "district": "中和區",
        "city": "newtaipei",
        "risk_level": "medium",
        "supplier_name": "久翔食品股份有限公司；雙翼食品有限公司",
        "last_incident_date": "2026-03-16"
      },
      "geometry": {
        "type": "Point",
        "coordinates": [
          121.5211448,
          24.9951577
        ]
      }
    },
    {
      "type": "Feature",
      "properties": {
        "name": "新北市中和區積穗國中",
        "district": "中和區",
        "city": "newtaipei",
        "risk_level": "medium",
        "supplier_name": "上將食品有限公司；統鮮美食股份有限公司",
        "last_incident_date": "2026-03-16"
      },
      "geometry": {
        "type": "Point",
        "coordinates": [
          121.4787482,
          25.0005962
        ]
      }
    },
    {
      "type": "Feature",
      "properties": {
        "name": "新北市中和區積穗國小",
        "district": "中和區",
        "city": "newtaipei",
        "risk_level": "medium",
        "supplier_name": "上將食品有限公司；全盛美食有限公司",
        "last_incident_date": "2026-03-16"
      },
      "geometry": {
        "type": "Point",
        "coordinates": [
          121.4821015,
          24.9992287
        ]
      }
    },
    {
      "type": "Feature",
      "properties": {
        "name": "新北市中和區自強國中",
        "district": "中和區",
        "city": "newtaipei",
        "risk_level": "medium",
        "supplier_name": "上將食品有限公司；統鮮美食股份有限公司",
        "last_incident_date": "2026-03-16"
      },
      "geometry": {
        "type": "Point",
        "coordinates": [
          121.4730798,
          24.9980397
        ]
      }
    },
    {
      "type": "Feature",
      "properties": {
        "name": "新北市中和區自強國小",
        "district": "中和區",
        "city": "newtaipei",
        "risk_level": "medium",
        "supplier_name": "上將食品有限公司；全盛美食有限公司",
        "last_incident_date": "2026-03-16"
      },
      "geometry": {
        "type": "Point",
        "coordinates": [
          121.471818,
          24.9983879
        ]
      }
    },
    {
      "type": "Feature",
      "properties": {
        "name": "新北市中和區興南國小",
        "district": "中和區",
        "city": "newtaipei",
        "risk_level": "medium",
        "supplier_name": "上將食品有限公司；雙翼食品有限公司",
        "last_incident_date": "2026-03-16"
      },
      "geometry": {
        "type": "Point",
        "coordinates": [
          121.5095508,
          24.9869863
        ]
      }
    },
    {
      "type": "Feature",
      "properties": {
        "name": "新北市中和區錦和國小",
        "district": "中和區",
        "city": "newtaipei",
        "risk_level": "medium",
        "supplier_name": "上將食品有限公司；全盛美食有限公司",
        "last_incident_date": "2026-03-16"
      },
      "geometry": {
        "type": "Point",
        "coordinates": [
          121.4893351,
          24.9898743
        ]
      }
    },
    {
      "type": "Feature",
      "properties": {
        "name": "新北市五股區五股國中",
        "district": "五股區",
        "city": "newtaipei",
        "risk_level": "medium",
        "supplier_name": "宏遠國際餐飲股份有限公司；食家安飲食文化股份有限公司",
        "last_incident_date": "2026-03-07"
      },
      "geometry": {
        "type": "Point",
        "coordinates": [
          121.4353103,
          25.0830459
        ]
      }
    },
    {
      "type": "Feature",
      "properties": {
        "name": "新北市五股區五股國小",
        "district": "五股區",
        "city": "newtaipei",
        "risk_level": "medium",
        "supplier_name": "宏遠國際餐飲股份有限公司；食家安飲食文化股份有限公司",
        "last_incident_date": "2026-03-07"
      },
      "geometry": {
        "type": "Point",
        "coordinates": [
          121.4368987,
          25.0828124
        ]
      }
    },
    {
      "type": "Feature",
      "properties": {
        "name": "新北市五股區德音國小",
        "district": "五股區",
        "city": "newtaipei",
        "risk_level": "medium",
        "supplier_name": "食家安飲食文化股份有限公司",
        "last_incident_date": "2026-03-07"
      },
      "geometry": {
        "type": "Point",
        "coordinates": [
          121.4345271,
          25.0718716
        ]
      }
    },
    {
      "type": "Feature",
      "properties": {
        "name": "新北市五股區成州國小",
        "district": "五股區",
        "city": "newtaipei",
        "risk_level": "medium",
        "supplier_name": "宏遠國際餐飲股份有限公司；食家安飲食文化股份有限公司",
        "last_incident_date": "2026-03-07"
      },
      "geometry": {
        "type": "Point",
        "coordinates": [
          121.4506619,
          25.0997414
        ]
      }
    },
    {
      "type": "Feature",
      "properties": {
        "name": "新北市五股區更寮國小",
        "district": "五股區",
        "city": "newtaipei",
        "risk_level": "medium",
        "supplier_name": "新北市五股區更寮國小",
        "last_incident_date": "2026-03-16"
      },
      "geometry": {
        "type": "Point",
        "coordinates": [
          121.467242,
          25.070614
        ]
      }
    },
    {
      "type": "Feature",
      "properties": {
        "name": "新北市八里區八里國中",
        "district": "八里區",
        "city": "newtaipei",
        "risk_level": "medium",
        "supplier_name": "愛欣食品有限公司(八里國中)",
        "last_incident_date": "2026-03-16"
      },
      "geometry": {
        "type": "Point",
        "coordinates": [
          121.4009503,
          25.1395242
        ]
      }
    },
    {
      "type": "Feature",
      "properties": {
        "name": "新北市八里區八里國小",
        "district": "八里區",
        "city": "newtaipei",
        "risk_level": "medium",
        "supplier_name": "愛欣食品有限公司(八里國中)",
        "last_incident_date": "2026-03-16"
      },
      "geometry": {
        "type": "Point",
        "coordinates": [
          121.403048,
          25.149226
        ]
      }
    },
    {
      "type": "Feature",
      "properties": {
        "name": "新北市八里區大崁國小",
        "district": "八里區",
        "city": "newtaipei",
        "risk_level": "medium",
        "supplier_name": "愛欣食品有限公司(八里國中)",
        "last_incident_date": "2026-03-16"
      },
      "geometry": {
        "type": "Point",
        "coordinates": [
          121.419402,
          25.160496
        ]
      }
    },
    {
      "type": "Feature",
      "properties": {
        "name": "新北市八里區私立聖心國小",
        "district": "板橋區",
        "city": "newtaipei",
        "risk_level": "medium",
        "supplier_name": "上林餐飲(八里聖心小學)",
        "last_incident_date": "2026-03-16"
      },
      "geometry": {
        "type": "Point",
        "coordinates": [
          121.4504902,
          25.1341428
        ]
      }
    },
    {
      "type": "Feature",
      "properties": {
        "name": "新北市八里區米倉國小",
        "district": "八里區",
        "city": "newtaipei",
        "risk_level": "medium",
        "supplier_name": "愛欣食品有限公司(八里國中)",
        "last_incident_date": "2026-03-16"
      },
      "geometry": {
        "type": "Point",
        "coordinates": [
          121.4455307,
          25.1468172
        ]
      }
    },
    {
      "type": "Feature",
      "properties": {
        "name": "新北市八里區長坑國小",
        "district": "八里區",
        "city": "newtaipei",
        "risk_level": "medium",
        "supplier_name": "愛欣食品有限公司(八里國中)",
        "last_incident_date": "2026-03-16"
      },
      "geometry": {
        "type": "Point",
        "coordinates": [
          121.390358,
          25.125434
        ]
      }
    },
    {
      "type": "Feature",
      "properties": {
        "name": "新北市土城區中正國中",
        "district": "土城區",
        "city": "newtaipei",
        "risk_level": "medium",
        "supplier_name": "上將食品有限公司；全盛美食有限公司",
        "last_incident_date": "2026-03-16"
      },
      "geometry": {
        "type": "Point",
        "coordinates": [
          121.4567578,
          24.9835198
        ]
      }
    },
    {
      "type": "Feature",
      "properties": {
        "name": "新北市土城區土城國中",
        "district": "土城區",
        "city": "newtaipei",
        "risk_level": "medium",
        "supplier_name": "全盛美食有限公司(頂埔國小)",
        "last_incident_date": "2026-03-16"
      },
      "geometry": {
        "type": "Point",
        "coordinates": [
          121.4294264,
          24.9627975
        ]
      }
    },
    {
      "type": "Feature",
      "properties": {
        "name": "新北市土城區土城國小",
        "district": "土城區",
        "city": "newtaipei",
        "risk_level": "medium",
        "supplier_name": "上將食品有限公司；全盛美食有限公司",
        "last_incident_date": "2026-03-16"
      },
      "geometry": {
        "type": "Point",
        "coordinates": [
          121.4421155,
          24.9720709
        ]
      }
    },
    {
      "type": "Feature",
      "properties": {
        "name": "新北市土城區安和國小",
        "district": "土城區",
        "city": "newtaipei",
        "risk_level": "medium",
        "supplier_name": "上將食品有限公司；全盛美食有限公司",
        "last_incident_date": "2026-03-16"
      },
      "geometry": {
        "type": "Point",
        "coordinates": [
          121.4649765,
          24.9889386
        ]
      }
    },
    {
      "type": "Feature",
      "properties": {
        "name": "新北市土城區廣福國小",
        "district": "土城區",
        "city": "newtaipei",
        "risk_level": "high",
        "supplier_name": "上將食品有限公司；全盛美食有限公司",
        "last_incident_date": "2026-03-16"
      },
      "geometry": {
        "type": "Point",
        "coordinates": [
          121.454876,
          24.9868943
        ]
      }
    },
    {
      "type": "Feature",
      "properties": {
        "name": "新北市土城區樂利國小",
        "district": "土城區",
        "city": "newtaipei",
        "risk_level": "medium",
        "supplier_name": "上將食品有限公司；全盛美食有限公司",
        "last_incident_date": "2026-03-16"
      },
      "geometry": {
        "type": "Point",
        "coordinates": [
          121.4479542,
          24.9852144
        ]
      }
    },
    {
      "type": "Feature",
      "properties": {
        "name": "新北市土城區清水國小",
        "district": "土城區",
        "city": "newtaipei",
        "risk_level": "medium",
        "supplier_name": "上將食品有限公司；全盛美食有限公司",
        "last_incident_date": "2026-03-16"
      },
      "geometry": {
        "type": "Point",
        "coordinates": [
          121.4612011,
          24.984827
        ]
      }
    },
    {
      "type": "Feature",
      "properties": {
        "name": "新北市土城區頂埔國小",
        "district": "土城區",
        "city": "newtaipei",
        "risk_level": "medium",
        "supplier_name": "全盛美食有限公司(頂埔國小)",
        "last_incident_date": "2026-03-16"
      },
      "geometry": {
        "type": "Point",
        "coordinates": [
          121.4143186,
          24.9560423
        ]
      }
    },
    {
      "type": "Feature",
      "properties": {
        "name": "新北市坪林區坪林國小",
        "district": "坪林區",
        "city": "newtaipei",
        "risk_level": "medium",
        "supplier_name": "新北市坪林區坪林國小",
        "last_incident_date": "2026-03-12"
      },
      "geometry": {
        "type": "Point",
        "coordinates": [
          121.7107604,
          24.9360466
        ]
      }
    },
    {
      "type": "Feature",
      "properties": {
        "name": "新北市平溪區十分國小",
        "district": "平溪區",
        "city": "newtaipei",
        "risk_level": "medium",
        "supplier_name": "新北市平溪區十分國小",
        "last_incident_date": "2026-03-08"
      },
      "geometry": {
        "type": "Point",
        "coordinates": [
          121.77765,
          25.043489
        ]
      }
    },
    {
      "type": "Feature",
      "properties": {
        "name": "新北市平溪區平溪國中",
        "district": "平溪區",
        "city": "newtaipei",
        "risk_level": "medium",
        "supplier_name": "新北市平溪區平溪國中",
        "last_incident_date": "2026-03-08"
      },
      "geometry": {
        "type": "Point",
        "coordinates": [
          121.7332879,
          25.0234512
        ]
      }
    },
    {
      "type": "Feature",
      "properties": {
        "name": "新北市平溪區平溪國小",
        "district": "平溪區",
        "city": "newtaipei",
        "risk_level": "medium",
        "supplier_name": "新北市平溪區平溪國中",
        "last_incident_date": "2026-03-08"
      },
      "geometry": {
        "type": "Point",
        "coordinates": [
          121.7373924,
          25.0273464
        ]
      }
    },
    {
      "type": "Feature",
      "properties": {
        "name": "新北市平溪區菁桐國小",
        "district": "平溪區",
        "city": "newtaipei",
        "risk_level": "medium",
        "supplier_name": "新北市平溪區菁桐國小",
        "last_incident_date": "2026-03-08"
      },
      "geometry": {
        "type": "Point",
        "coordinates": [
          121.7269901,
          25.0232766
        ]
      }
    },
    {
      "type": "Feature",
      "properties": {
        "name": "新北市新店區中正國小",
        "district": "新店區",
        "city": "newtaipei",
        "risk_level": "high",
        "supplier_name": "統鮮美食股份有限公司(新北市新店區中正國民小學)",
        "last_incident_date": "2026-03-16"
      },
      "geometry": {
        "type": "Point",
        "coordinates": [
          121.5366811,
          24.9718939
        ]
      }
    },
    {
      "type": "Feature",
      "properties": {
        "name": "新北市新店區五峰國中",
        "district": "新店區",
        "city": "newtaipei",
        "risk_level": "medium",
        "supplier_name": "宏遠國際餐飲股份有限公司",
        "last_incident_date": "2026-03-16"
      },
      "geometry": {
        "type": "Point",
        "coordinates": [
          121.5441602,
          24.9667222
        ]
      }
    },
    {
      "type": "Feature",
      "properties": {
        "name": "新北市新店區北新國小",
        "district": "新店區",
        "city": "newtaipei",
        "risk_level": "medium",
        "supplier_name": "新北食品股份有限公司；統鮮美食股份有限公司",
        "last_incident_date": "2026-03-16"
      },
      "geometry": {
        "type": "Point",
        "coordinates": [
          121.5446457,
          24.9737291
        ]
      }
    },
    {
      "type": "Feature",
      "properties": {
        "name": "新北市新店區大豐國小",
        "district": "新店區",
        "city": "newtaipei",
        "risk_level": "medium",
        "supplier_name": "統鮮美食股份有限公司",
        "last_incident_date": "2026-03-16"
      },
      "geometry": {
        "type": "Point",
        "coordinates": [
          121.5381063,
          24.9776538
        ]
      }
    },
    {
      "type": "Feature",
      "properties": {
        "name": "新北市新店區安坑國小",
        "district": "新店區",
        "city": "newtaipei",
        "risk_level": "medium",
        "supplier_name": "新北市新店區安坑國小",
        "last_incident_date": "2026-03-16"
      },
      "geometry": {
        "type": "Point",
        "coordinates": [
          121.5135319,
          24.9610066
        ]
      }
    },
    {
      "type": "Feature",
      "properties": {
        "name": "新北市新店區屈尺國小",
        "district": "新店區",
        "city": "newtaipei",
        "risk_level": "medium",
        "supplier_name": "新北市新店區屈尺國小",
        "last_incident_date": "2026-03-16"
      },
      "geometry": {
        "type": "Point",
        "coordinates": [
          121.5470266,
          24.9225975
        ]
      }
    },
    {
      "type": "Feature",
      "properties": {
        "name": "新北市新店區文山國中",
        "district": "新店區",
        "city": "newtaipei",
        "risk_level": "medium",
        "supplier_name": "統鮮美食股份有限公司(新北市新店區中正國民小學)",
        "last_incident_date": "2026-03-16"
      },
      "geometry": {
        "type": "Point",
        "coordinates": [
          121.538935,
          24.956705
        ]
      }
    },
    {
      "type": "Feature",
      "properties": {
        "name": "新北市新店區新和國小",
        "district": "新店區",
        "city": "newtaipei",
        "risk_level": "medium",
        "supplier_name": "統鮮美食股份有限公司",
        "last_incident_date": "2026-03-16"
      },
      "geometry": {
        "type": "Point",
        "coordinates": [
          121.517916,
          24.9845977
        ]
      }
    },
    {
      "type": "Feature",
      "properties": {
        "name": "新北市新店區新店國小",
        "district": "新店區",
        "city": "newtaipei",
        "risk_level": "medium",
        "supplier_name": "新北食品股份有限公司",
        "last_incident_date": "2026-03-16"
      },
      "geometry": {
        "type": "Point",
        "coordinates": [
          121.5403764,
          24.9530138
        ]
      }
    },
    {
      "type": "Feature",
      "properties": {
        "name": "新北市新店區直潭國小",
        "district": "新店區",
        "city": "newtaipei",
        "risk_level": "high",
        "supplier_name": "新北市新店區直潭國小",
        "last_incident_date": "2026-03-22"
      },
      "geometry": {
        "type": "Point",
        "coordinates": [
          121.5309584,
          24.9377936
        ]
      }
    },
    {
      "type": "Feature",
      "properties": {
        "name": "新北市新店區達觀國中(小)",
        "district": "新店區",
        "city": "newtaipei",
        "risk_level": "medium",
        "supplier_name": "新北食品股份有限公司",
        "last_incident_date": "2026-03-16"
      },
      "geometry": {
        "type": "Point",
        "coordinates": [
          121.4999804,
          24.9536199
        ]
      }
    },
    {
      "type": "Feature",
      "properties": {
        "name": "新北市新店區雙城國小",
        "district": "新店區",
        "city": "newtaipei",
        "risk_level": "high",
        "supplier_name": "新北市新店區雙城國小",
        "last_incident_date": "2026-03-16"
      },
      "geometry": {
        "type": "Point",
        "coordinates": [
          121.4863686,
          24.9522748
        ]
      }
    },
    {
      "type": "Feature",
      "properties": {
        "name": "新北市新店區雙峰國小",
        "district": "新店區",
        "city": "newtaipei",
        "risk_level": "medium",
        "supplier_name": "新北市新店區雙峰國小",
        "last_incident_date": "2026-03-12"
      },
      "geometry": {
        "type": "Point",
        "coordinates": [
          121.5754065,
          24.9513603
        ]
      }
    },
    {
      "type": "Feature",
      "properties": {
        "name": "新北市新店區青潭國小",
        "district": "新店區",
        "city": "newtaipei",
        "risk_level": "medium",
        "supplier_name": "新北市新店區青潭國小",
        "last_incident_date": "2026-03-16"
      },
      "geometry": {
        "type": "Point",
        "coordinates": [
          121.5521792,
          24.9530749
        ]
      }
    },
    {
      "type": "Feature",
      "properties": {
        "name": "新北市新店區龜山國小",
        "district": "新店區",
        "city": "newtaipei",
        "risk_level": "medium",
        "supplier_name": "新北市新店區龜山國小",
        "last_incident_date": "2026-03-08"
      },
      "geometry": {
        "type": "Point",
        "coordinates": [
          121.5535787,
          24.902145
        ]
      }
    },
    {
      "type": "Feature",
      "properties": {
        "name": "新北市新莊區中信國小",
        "district": "新莊區",
        "city": "newtaipei",
        "risk_level": "medium",
        "supplier_name": "全盛美食有限公司",
        "last_incident_date": "2026-03-16"
      },
      "geometry": {
        "type": "Point",
        "coordinates": [
          121.4486876,
          25.0564214
        ]
      }
    },
    {
      "type": "Feature",
      "properties": {
        "name": "新北市新莊區中平國中",
        "district": "新莊區",
        "city": "newtaipei",
        "risk_level": "medium",
        "supplier_name": "久翔食品股份有限公司；雙翼食品有限公司",
        "last_incident_date": "2026-03-16"
      },
      "geometry": {
        "type": "Point",
        "coordinates": [
          121.4434788,
          25.0535454
        ]
      }
    },
    {
      "type": "Feature",
      "properties": {
        "name": "新北市新莊區中港國小",
        "district": "新莊區",
        "city": "newtaipei",
        "risk_level": "medium",
        "supplier_name": "新北市新莊區中港國小",
        "last_incident_date": "2026-03-16"
      },
      "geometry": {
        "type": "Point",
        "coordinates": [
          121.4471707,
          25.0451024
        ]
      }
    },
    {
      "type": "Feature",
      "properties": {
        "name": "新北市新莊區丹鳳國小",
        "district": "新莊區",
        "city": "newtaipei",
        "risk_level": "medium",
        "supplier_name": "上將食品有限公司；雙翼食品有限公司",
        "last_incident_date": "2026-03-16"
      },
      "geometry": {
        "type": "Point",
        "coordinates": [
          121.4139574,
          25.02449
        ]
      }
    },
    {
      "type": "Feature",
      "properties": {
        "name": "新北市新莊區光華國小",
        "district": "新莊區",
        "city": "newtaipei",
        "risk_level": "medium",
        "supplier_name": "上將食品有限公司；全盛美食有限公司；新北食品股份有限公司",
        "last_incident_date": "2026-03-16"
      },
      "geometry": {
        "type": "Point",
        "coordinates": [
          121.4251486,
          25.0178239
        ]
      }
    },
    {
      "type": "Feature",
      "properties": {
        "name": "新北市新莊區國泰國小",
        "district": "新莊區",
        "city": "newtaipei",
        "risk_level": "medium",
        "supplier_name": "新北市新莊區國泰國小",
        "last_incident_date": "2026-03-08"
      },
      "geometry": {
        "type": "Point",
        "coordinates": [
          121.4417355,
          25.0340253
        ]
      }
    },
    {
      "type": "Feature",
      "properties": {
        "name": "新北市新莊區思賢國小",
        "district": "新莊區",
        "city": "newtaipei",
        "risk_level": "high",
        "supplier_name": "久翔食品股份有限公司(豐年國小、思賢國小)",
        "last_incident_date": "2026-03-16"
      },
      "geometry": {
        "type": "Point",
        "coordinates": [
          121.4567953,
          25.0461927
        ]
      }
    },
    {
      "type": "Feature",
      "properties": {
        "name": "新北市新莊區新泰國中",
        "district": "新莊區",
        "city": "newtaipei",
        "risk_level": "medium",
        "supplier_name": "統鮮美食股份有限公司；雙翼食品有限公司",
        "last_incident_date": "2026-03-16"
      },
      "geometry": {
        "type": "Point",
        "coordinates": [
          121.4434786,
          25.0422918
        ]
      }
    },
    {
      "type": "Feature",
      "properties": {
        "name": "新北市新莊區新泰國小",
        "district": "新莊區",
        "city": "newtaipei",
        "risk_level": "medium",
        "supplier_name": "新北市新莊區新泰國小",
        "last_incident_date": "2026-03-16"
      },
      "geometry": {
        "type": "Point",
        "coordinates": [
          121.4437563,
          25.037911
        ]
      }
    },
    {
      "type": "Feature",
      "properties": {
        "name": "新北市新莊區新莊國中",
        "district": "新莊區",
        "city": "newtaipei",
        "risk_level": "high",
        "supplier_name": "統鮮美食股份有限公司；雙翼食品有限公司",
        "last_incident_date": "2026-03-17"
      },
      "geometry": {
        "type": "Point",
        "coordinates": [
          121.452037,
          25.0354319
        ]
      }
    },
    {
      "type": "Feature",
      "properties": {
        "name": "新北市新莊區新莊國小",
        "district": "新莊區",
        "city": "newtaipei",
        "risk_level": "medium",
        "supplier_name": "上將食品有限公司",
        "last_incident_date": "2026-03-16"
      },
      "geometry": {
        "type": "Point",
        "coordinates": [
          121.4561222,
          25.0369227
        ]
      }
    },
    {
      "type": "Feature",
      "properties": {
        "name": "新北市新莊區昌平國小",
        "district": "新莊區",
        "city": "newtaipei",
        "risk_level": "medium",
        "supplier_name": "上將食品有限公司",
        "last_incident_date": "2026-03-16"
      },
      "geometry": {
        "type": "Point",
        "coordinates": [
          121.4557162,
          25.0558604
        ]
      }
    },
    {
      "type": "Feature",
      "properties": {
        "name": "新北市新莊區昌隆國小",
        "district": "新莊區",
        "city": "newtaipei",
        "risk_level": "medium",
        "supplier_name": "久翔食品股份有限公司",
        "last_incident_date": "2026-03-16"
      },
      "geometry": {
        "type": "Point",
        "coordinates": [
          121.4559874,
          25.0509984
        ]
      }
    },
    {
      "type": "Feature",
      "properties": {
        "name": "新北市新莊區榮富國小",
        "district": "新莊區",
        "city": "newtaipei",
        "risk_level": "medium",
        "supplier_name": "上將食品有限公司；雙翼食品有限公司",
        "last_incident_date": "2026-03-16"
      },
      "geometry": {
        "type": "Point",
        "coordinates": [
          121.447515,
          25.0517741
        ]
      }
    },
    {
      "type": "Feature",
      "properties": {
        "name": "新北市新莊區民安國小",
        "district": "新莊區",
        "city": "newtaipei",
        "risk_level": "high",
        "supplier_name": "上將食品有限公司；雙翼食品有限公司",
        "last_incident_date": "2026-03-16"
      },
      "geometry": {
        "type": "Point",
        "coordinates": [
          121.4277092,
          25.0223304
        ]
      }
    },
    {
      "type": "Feature",
      "properties": {
        "name": "新北市新莊區福營國中",
        "district": "新莊區",
        "city": "newtaipei",
        "risk_level": "medium",
        "supplier_name": "久翔食品股份有限公司；雙翼食品有限公司",
        "last_incident_date": "2026-03-16"
      },
      "geometry": {
        "type": "Point",
        "coordinates": [
          121.4226278,
          25.0253278
        ]
      }
    },
    {
      "type": "Feature",
      "properties": {
        "name": "新北市新莊區興化國小",
        "district": "新莊區",
        "city": "newtaipei",
        "risk_level": "medium",
        "supplier_name": "新北市新莊區興化國小",
        "last_incident_date": "2026-03-16"
      },
      "geometry": {
        "type": "Point",
        "coordinates": [
          121.461594,
          25.065854
        ]
      }
    },
    {
      "type": "Feature",
      "properties": {
        "name": "新北市新莊區裕民國小",
        "district": "新莊區",
        "city": "newtaipei",
        "risk_level": "medium",
        "supplier_name": "全盛美食有限公司；新北食品股份有限公司",
        "last_incident_date": "2026-03-16"
      },
      "geometry": {
        "type": "Point",
        "coordinates": [
          121.4181175,
          25.0218488
        ]
      }
    },
    {
      "type": "Feature",
      "properties": {
        "name": "新北市新莊區豐年國小",
        "district": "新莊區",
        "city": "newtaipei",
        "risk_level": "high",
        "supplier_name": "久翔食品股份有限公司(豐年國小、思賢國小)",
        "last_incident_date": "2026-03-26"
      },
      "geometry": {
        "type": "Point",
        "coordinates": [
          121.44337,
          25.0308533
        ]
      }
    },
    {
      "type": "Feature",
      "properties": {
        "name": "新北市新莊區頭前國中",
        "district": "新莊區",
        "city": "newtaipei",
        "risk_level": "medium",
        "supplier_name": "上將食品有限公司",
        "last_incident_date": "2026-03-16"
      },
      "geometry": {
        "type": "Point",
        "coordinates": [
          121.4590608,
          25.0546978
        ]
      }
    },
    {
      "type": "Feature",
      "properties": {
        "name": "新北市新莊區頭前國小",
        "district": "新莊區",
        "city": "newtaipei",
        "risk_level": "medium",
        "supplier_name": "雙翼食品有限公司",
        "last_incident_date": "2026-03-16"
      },
      "geometry": {
        "type": "Point",
        "coordinates": [
          121.4661311,
          25.0528262
        ]
      }
    },
    {
      "type": "Feature",
      "properties": {
        "name": "新北市板橋區中山國中",
        "district": "板橋區",
        "city": "newtaipei",
        "risk_level": "medium",
        "supplier_name": "上將食品有限公司；雙翼食品有限公司",
        "last_incident_date": "2026-03-16"
      },
      "geometry": {
        "type": "Point",
        "coordinates": [
          121.467425,
          25.0185131
        ]
      }
    },
    {
      "type": "Feature",
      "properties": {
        "name": "新北市板橋區中山國小",
        "district": "板橋區",
        "city": "newtaipei",
        "risk_level": "high",
        "supplier_name": "新北市板橋區中山國小",
        "last_incident_date": "2026-03-26"
      },
      "geometry": {
        "type": "Point",
        "coordinates": [
          121.4482864,
          25.0019921
        ]
      }
    },
    {
      "type": "Feature",
      "properties": {
        "name": "新北市板橋區信義國小",
        "district": "板橋區",
        "city": "newtaipei",
        "risk_level": "medium",
        "supplier_name": "上將食品有限公司",
        "last_incident_date": "2026-03-16"
      },
      "geometry": {
        "type": "Point",
        "coordinates": [
          121.452634,
          24.9917273
        ]
      }
    },
    {
      "type": "Feature",
      "properties": {
        "name": "新北市板橋區國光國小",
        "district": "板橋區",
        "city": "newtaipei",
        "risk_level": "medium",
        "supplier_name": "全盛美食有限公司",
        "last_incident_date": "2026-03-16"
      },
      "geometry": {
        "type": "Point",
        "coordinates": [
          121.4530228,
          25.0191826
        ]
      }
    },
    {
      "type": "Feature",
      "properties": {
        "name": "新北市板橋區埔墘國小",
        "district": "板橋區",
        "city": "newtaipei",
        "risk_level": "medium",
        "supplier_name": "上將食品有限公司；雙翼食品有限公司",
        "last_incident_date": "2026-03-16"
      },
      "geometry": {
        "type": "Point",
        "coordinates": [
          121.4741019,
          25.0181471
        ]
      }
    },
    {
      "type": "Feature",
      "properties": {
        "name": "新北市板橋區大觀國中",
        "district": "板橋區",
        "city": "newtaipei",
        "risk_level": "medium",
        "supplier_name": "統鮮美食股份有限公司(大觀國小)",
        "last_incident_date": "2026-03-16"
      },
      "geometry": {
        "type": "Point",
        "coordinates": [
          121.4487222,
          25.0111472
        ]
      }
    },
    {
      "type": "Feature",
      "properties": {
        "name": "新北市板橋區大觀國小",
        "district": "板橋區",
        "city": "newtaipei",
        "risk_level": "medium",
        "supplier_name": "統鮮美食股份有限公司(大觀國小)",
        "last_incident_date": "2026-03-16"
      },
      "geometry": {
        "type": "Point",
        "coordinates": [
          121.4493493,
          25.0085839
        ]
      }
    },
    {
      "type": "Feature",
      "properties": {
        "name": "新北市板橋區實踐國小",
        "district": "板橋區",
        "city": "newtaipei",
        "risk_level": "medium",
        "supplier_name": "統鮮美食股份有限公司(新北忠孝國中)",
        "last_incident_date": "2026-03-16"
      },
      "geometry": {
        "type": "Point",
        "coordinates": [
          121.4663868,
          25.0049856
        ]
      }
    },
    {
      "type": "Feature",
      "properties": {
        "name": "新北市板橋區後埔國小",
        "district": "板橋區",
        "city": "newtaipei",
        "risk_level": "medium",
        "supplier_name": "統鮮美食股份有限公司(新北忠孝國中)",
        "last_incident_date": "2026-03-16"
      },
      "geometry": {
        "type": "Point",
        "coordinates": [
          121.4634196,
          25.0035722
        ]
      }
    },
    {
      "type": "Feature",
      "properties": {
        "name": "新北市板橋區忠孝國中",
        "district": "板橋區",
        "city": "newtaipei",
        "risk_level": "medium",
        "supplier_name": "統鮮美食股份有限公司(新北忠孝國中)",
        "last_incident_date": "2026-03-16"
      },
      "geometry": {
        "type": "Point",
        "coordinates": [
          121.461613,
          25.0040996
        ]
      }
    },
    {
      "type": "Feature",
      "properties": {
        "name": "新北市板橋區文德國小",
        "district": "板橋區",
        "city": "newtaipei",
        "risk_level": "medium",
        "supplier_name": "全盛美食有限公司；宏遠國際餐飲股份有限公司",
        "last_incident_date": "2026-03-16"
      },
      "geometry": {
        "type": "Point",
        "coordinates": [
          121.4587508,
          25.0233185
        ]
      }
    },
    {
      "type": "Feature",
      "properties": {
        "name": "新北市板橋區文聖國小",
        "district": "板橋區",
        "city": "newtaipei",
        "risk_level": "medium",
        "supplier_name": "宏遠國際餐飲股份有限公司",
        "last_incident_date": "2026-03-16"
      },
      "geometry": {
        "type": "Point",
        "coordinates": [
          121.4774188,
          25.0291299
        ]
      }
    },
    {
      "type": "Feature",
      "properties": {
        "name": "新北市板橋區新埔國中",
        "district": "板橋區",
        "city": "newtaipei",
        "risk_level": "medium",
        "supplier_name": "新北市板橋區新埔國小(公辦民營廠商使用)",
        "last_incident_date": "2026-03-16"
      },
      "geometry": {
        "type": "Point",
        "coordinates": [
          121.4597107,
          25.0248193
        ]
      }
    },
    {
      "type": "Feature",
      "properties": {
        "name": "新北市板橋區板橋國中",
        "district": "板橋區",
        "city": "newtaipei",
        "risk_level": "medium",
        "supplier_name": "久翔食品股份有限公司(板橋國小)",
        "last_incident_date": "2026-03-16"
      },
      "geometry": {
        "type": "Point",
        "coordinates": [
          121.4542534,
          25.0239707
        ]
      }
    },
    {
      "type": "Feature",
      "properties": {
        "name": "新北市板橋區板橋國小",
        "district": "板橋區",
        "city": "newtaipei",
        "risk_level": "medium",
        "supplier_name": "久翔食品股份有限公司(板橋國小)",
        "last_incident_date": "2026-03-16"
      },
      "geometry": {
        "type": "Point",
        "coordinates": [
          121.4580967,
          25.0110246
        ]
      }
    },
    {
      "type": "Feature",
      "properties": {
        "name": "新北市板橋區江翠國中",
        "district": "板橋區",
        "city": "newtaipei",
        "risk_level": "medium",
        "supplier_name": "久翔食品股份有限公司(新北市立江翠國中)",
        "last_incident_date": "2026-03-16"
      },
      "geometry": {
        "type": "Point",
        "coordinates": [
          121.4684592,
          25.0288632
        ]
      }
    },
    {
      "type": "Feature",
      "properties": {
        "name": "新北市板橋區江翠國小",
        "district": "板橋區",
        "city": "newtaipei",
        "risk_level": "medium",
        "supplier_name": "久翔食品股份有限公司(新北市立江翠國中)",
        "last_incident_date": "2026-03-16"
      },
      "geometry": {
        "type": "Point",
        "coordinates": [
          121.4735362,
          25.0324811
        ]
      }
    },
    {
      "type": "Feature",
      "properties": {
        "name": "新北市板橋區沙崙國小",
        "district": "板橋區",
        "city": "newtaipei",
        "risk_level": "medium",
        "supplier_name": "上將食品有限公司；雙翼食品有限公司",
        "last_incident_date": "2026-03-16"
      },
      "geometry": {
        "type": "Point",
        "coordinates": [
          121.4301153,
          24.9898701
        ]
      }
    },
    {
      "type": "Feature",
      "properties": {
        "name": "新北市板橋區海山國小",
        "district": "板橋區",
        "city": "newtaipei",
        "risk_level": "medium",
        "supplier_name": "上將食品有限公司；全盛美食有限公司",
        "last_incident_date": "2026-03-16"
      },
      "geometry": {
        "type": "Point",
        "coordinates": [
          121.470468,
          25.0092787
        ]
      }
    },
    {
      "type": "Feature",
      "properties": {
        "name": "新北市板橋區溪崑國中",
        "district": "板橋區",
        "city": "newtaipei",
        "risk_level": "medium",
        "supplier_name": "上將食品有限公司；雙翼食品有限公司",
        "last_incident_date": "2026-03-16"
      },
      "geometry": {
        "type": "Point",
        "coordinates": [
          121.4317847,
          24.997841
        ]
      }
    },
    {
      "type": "Feature",
      "properties": {
        "name": "新北市板橋區溪洲國小",
        "district": "板橋區",
        "city": "newtaipei",
        "risk_level": "medium",
        "supplier_name": "新北市板橋區溪洲國小",
        "last_incident_date": "2026-03-12"
      },
      "geometry": {
        "type": "Point",
        "coordinates": [
          121.430882,
          24.987342
        ]
      }
    },
    {
      "type": "Feature",
      "properties": {
        "name": "新北市板橋區莒光國小",
        "district": "板橋區",
        "city": "newtaipei",
        "risk_level": "medium",
        "supplier_name": "上將食品有限公司；全盛美食有限公司",
        "last_incident_date": "2026-03-16"
      },
      "geometry": {
        "type": "Point",
        "coordinates": [
          121.4741597,
          25.025125
        ]
      }
    },
    {
      "type": "Feature",
      "properties": {
        "name": "新北市板橋區重慶國中",
        "district": "板橋區",
        "city": "newtaipei",
        "risk_level": "medium",
        "supplier_name": "上將食品有限公司；雙翼食品有限公司",
        "last_incident_date": "2026-03-16"
      },
      "geometry": {
        "type": "Point",
        "coordinates": [
          121.462459,
          24.9981363
        ]
      }
    },
    {
      "type": "Feature",
      "properties": {
        "name": "新北市板橋區重慶國小",
        "district": "板橋區",
        "city": "newtaipei",
        "risk_level": "medium",
        "supplier_name": "上將食品有限公司；雙翼食品有限公司",
        "last_incident_date": "2026-03-16"
      },
      "geometry": {
        "type": "Point",
        "coordinates": [
          121.4631216,
          24.9945398
        ]
      }
    },
    {
      "type": "Feature",
      "properties": {
        "name": "新北市林口區佳林國中",
        "district": "林口區",
        "city": "newtaipei",
        "risk_level": "medium",
        "supplier_name": "宏遠國際餐飲股份有限公司；統鮮美食股份有限公司",
        "last_incident_date": "2026-03-16"
      },
      "geometry": {
        "type": "Point",
        "coordinates": [
          121.3842279,
          25.0803785
        ]
      }
    },
    {
      "type": "Feature",
      "properties": {
        "name": "新北市林口區南勢國中",
        "district": "林口區",
        "city": "newtaipei",
        "risk_level": "medium",
        "supplier_name": "統鮮美食股份有限公司",
        "last_incident_date": "2026-03-16"
      },
      "geometry": {
        "type": "Point",
        "coordinates": [
          121.3627225,
          25.0751603
        ]
      }
    },
    {
      "type": "Feature",
      "properties": {
        "name": "新北市林口區南勢國小",
        "district": "林口區",
        "city": "newtaipei",
        "risk_level": "medium",
        "supplier_name": "雙翼食品有限公司",
        "last_incident_date": "2026-03-16"
      },
      "geometry": {
        "type": "Point",
        "coordinates": [
          121.3581887,
          25.0749553
        ]
      }
    },
    {
      "type": "Feature",
      "properties": {
        "name": "新北市林口區嘉寶國小",
        "district": "林口區",
        "city": "newtaipei",
        "risk_level": "medium",
        "supplier_name": "新北市林口區興福國小",
        "last_incident_date": "2026-03-16"
      },
      "geometry": {
        "type": "Point",
        "coordinates": [
          121.3390705,
          25.108449
        ]
      }
    },
    {
      "type": "Feature",
      "properties": {
        "name": "新北市林口區崇林國中",
        "district": "林口區",
        "city": "newtaipei",
        "risk_level": "medium",
        "supplier_name": "宏遠國際餐飲股份有限公司；統鮮美食股份有限公司",
        "last_incident_date": "2026-03-16"
      },
      "geometry": {
        "type": "Point",
        "coordinates": [
          121.3701667,
          25.0684112
        ]
      }
    },
    {
      "type": "Feature",
      "properties": {
        "name": "新北市林口區新林國小",
        "district": "林口區",
        "city": "newtaipei",
        "risk_level": "medium",
        "supplier_name": "雙翼食品有限公司",
        "last_incident_date": "2026-03-16"
      },
      "geometry": {
        "type": "Point",
        "coordinates": [
          121.3590601,
          25.0697467
        ]
      }
    },
    {
      "type": "Feature",
      "properties": {
        "name": "新北市林口區東湖國小",
        "district": "林口區",
        "city": "newtaipei",
        "risk_level": "medium",
        "supplier_name": "宏遠國際餐飲股份有限公司",
        "last_incident_date": "2026-03-16"
      },
      "geometry": {
        "type": "Point",
        "coordinates": [
          121.3815292,
          25.0755478
        ]
      }
    },
    {
      "type": "Feature",
      "properties": {
        "name": "新北市林口區林口國中",
        "district": "林口區",
        "city": "newtaipei",
        "risk_level": "medium",
        "supplier_name": "宏遠國際餐飲股份有限公司；統鮮美食股份有限公司",
        "last_incident_date": "2026-03-16"
      },
      "geometry": {
        "type": "Point",
        "coordinates": [
          121.3775622,
          25.0762471
        ]
      }
    },
    {
      "type": "Feature",
      "properties": {
        "name": "新北市林口區林口國小",
        "district": "林口區",
        "city": "newtaipei",
        "risk_level": "medium",
        "supplier_name": "宏遠國際餐飲股份有限公司；雙翼食品有限公司",
        "last_incident_date": "2026-03-16"
      },
      "geometry": {
        "type": "Point",
        "coordinates": [
          121.3904407,
          25.0802712
        ]
      }
    },
    {
      "type": "Feature",
      "properties": {
        "name": "新北市林口區瑞平國小",
        "district": "林口區",
        "city": "newtaipei",
        "risk_level": "medium",
        "supplier_name": "新北市林口區瑞平國小",
        "last_incident_date": "2026-03-16"
      },
      "geometry": {
        "type": "Point",
        "coordinates": [
          121.3490854,
          25.1282815
        ]
      }
    },
    {
      "type": "Feature",
      "properties": {
        "name": "新北市林口區頭湖國小",
        "district": "林口區",
        "city": "newtaipei",
        "risk_level": "medium",
        "supplier_name": "宏遠國際餐飲股份有限公司",
        "last_incident_date": "2026-03-16"
      },
      "geometry": {
        "type": "Point",
        "coordinates": [
          121.372962,
          25.082093
        ]
      }
    },
    {
      "type": "Feature",
      "properties": {
        "name": "新北市林口區麗園國小",
        "district": "林口區",
        "city": "newtaipei",
        "risk_level": "medium",
        "supplier_name": "宏遠國際餐飲股份有限公司；雙翼食品有限公司",
        "last_incident_date": "2026-03-16"
      },
      "geometry": {
        "type": "Point",
        "coordinates": [
          121.3761869,
          25.0684302
        ]
      }
    },
    {
      "type": "Feature",
      "properties": {
        "name": "新北市林口區麗林國小",
        "district": "林口區",
        "city": "newtaipei",
        "risk_level": "medium",
        "supplier_name": "宏遠國際餐飲股份有限公司；雙翼食品有限公司",
        "last_incident_date": "2026-03-16"
      },
      "geometry": {
        "type": "Point",
        "coordinates": [
          121.3682287,
          25.0686085
        ]
      }
    },
    {
      "type": "Feature",
      "properties": {
        "name": "新北市樹林區三多國中",
        "district": "樹林區",
        "city": "newtaipei",
        "risk_level": "high",
        "supplier_name": "久翔食品股份有限公司(武林國小)",
        "last_incident_date": "2026-03-16"
      },
      "geometry": {
        "type": "Point",
        "coordinates": [
          121.4146724,
          25.0063705
        ]
      }
    },
    {
      "type": "Feature",
      "properties": {
        "name": "新北市樹林區三多國小",
        "district": "樹林區",
        "city": "newtaipei",
        "risk_level": "medium",
        "supplier_name": "久翔食品股份有限公司；全盛美食有限公司",
        "last_incident_date": "2026-03-16"
      },
      "geometry": {
        "type": "Point",
        "coordinates": [
          121.4060149,
          25.0164155
        ]
      }
    },
    {
      "type": "Feature",
      "properties": {
        "name": "新北市樹林區大同國小",
        "district": "樹林區",
        "city": "newtaipei",
        "risk_level": "medium",
        "supplier_name": "新北市樹林區大同國小",
        "last_incident_date": "2026-03-16"
      },
      "geometry": {
        "type": "Point",
        "coordinates": [
          121.4175571,
          24.9818352
        ]
      }
    },
    {
      "type": "Feature",
      "properties": {
        "name": "新北市樹林區山佳國小",
        "district": "樹林區",
        "city": "newtaipei",
        "risk_level": "low",
        "supplier_name": "新北市樹林區山佳國小",
        "last_incident_date": ""
      },
      "geometry": {
        "type": "Point",
        "coordinates": [
          121.4017467,
          24.9754914
        ]
      }
    },
    {
      "type": "Feature",
      "properties": {
        "name": "新北市樹林區彭福國小",
        "district": "樹林區",
        "city": "newtaipei",
        "risk_level": "medium",
        "supplier_name": "新北市樹林區彭福國小",
        "last_incident_date": "2026-03-16"
      },
      "geometry": {
        "type": "Point",
        "coordinates": [
          121.4239611,
          24.9814636
        ]
      }
    },
    {
      "type": "Feature",
      "properties": {
        "name": "新北市樹林區文林國小",
        "district": "樹林區",
        "city": "newtaipei",
        "risk_level": "medium",
        "supplier_name": "久翔食品股份有限公司；全盛美食有限公司",
        "last_incident_date": "2026-03-16"
      },
      "geometry": {
        "type": "Point",
        "coordinates": [
          121.4254426,
          24.9979998
        ]
      }
    },
    {
      "type": "Feature",
      "properties": {
        "name": "新北市樹林區柑園國中",
        "district": "樹林區",
        "city": "newtaipei",
        "risk_level": "medium",
        "supplier_name": "新北市樹林區柑園國中",
        "last_incident_date": "2026-03-16"
      },
      "geometry": {
        "type": "Point",
        "coordinates": [
          121.3841873,
          24.9547066
        ]
      }
    },
    {
      "type": "Feature",
      "properties": {
        "name": "新北市樹林區柑園國小",
        "district": "樹林區",
        "city": "newtaipei",
        "risk_level": "medium",
        "supplier_name": "新北市樹林區柑園國小",
        "last_incident_date": "2026-03-08"
      },
      "geometry": {
        "type": "Point",
        "coordinates": [
          121.390047,
          24.9557548
        ]
      }
    },
    {
      "type": "Feature",
      "properties": {
        "name": "新北市樹林區桃子腳國中(小)",
        "district": "樹林區",
        "city": "newtaipei",
        "risk_level": "medium",
        "supplier_name": "上將食品有限公司；雙翼食品有限公司",
        "last_incident_date": "2026-03-16"
      },
      "geometry": {
        "type": "Point",
        "coordinates": [
          121.382898,
          24.948918
        ]
      }
    },
    {
      "type": "Feature",
      "properties": {
        "name": "新北市樹林區樹林國小",
        "district": "樹林區",
        "city": "newtaipei",
        "risk_level": "medium",
        "supplier_name": "久翔食品股份有限公司；全盛美食有限公司",
        "last_incident_date": "2026-03-16"
      },
      "geometry": {
        "type": "Point",
        "coordinates": [
          121.4181462,
          24.9897482
        ]
      }
    },
    {
      "type": "Feature",
      "properties": {
        "name": "新北市樹林區武林國小",
        "district": "樹林區",
        "city": "newtaipei",
        "risk_level": "medium",
        "supplier_name": "久翔食品股份有限公司(武林國小)",
        "last_incident_date": "2026-03-16"
      },
      "geometry": {
        "type": "Point",
        "coordinates": [
          121.4147006,
          25.0019549
        ]
      }
    },
    {
      "type": "Feature",
      "properties": {
        "name": "新北市樹林區育德國小",
        "district": "樹林區",
        "city": "newtaipei",
        "risk_level": "medium",
        "supplier_name": "新北市樹林區育德國小",
        "last_incident_date": "2026-03-16"
      },
      "geometry": {
        "type": "Point",
        "coordinates": [
          121.3916063,
          24.9708706
        ]
      }
    },
    {
      "type": "Feature",
      "properties": {
        "name": "新北市樹林區育林國中",
        "district": "樹林區",
        "city": "newtaipei",
        "risk_level": "medium",
        "supplier_name": "全盛美食有限公司",
        "last_incident_date": "2026-03-16"
      },
      "geometry": {
        "type": "Point",
        "coordinates": [
          121.4151914,
          24.9853151
        ]
      }
    },
    {
      "type": "Feature",
      "properties": {
        "name": "新北市樹林區育林國小",
        "district": "樹林區",
        "city": "newtaipei",
        "risk_level": "medium",
        "supplier_name": "新北市樹林區彭福國小",
        "last_incident_date": "2026-03-16"
      },
      "geometry": {
        "type": "Point",
        "coordinates": [
          121.4158408,
          24.9857421
        ]
      }
    },
    {
      "type": "Feature",
      "properties": {
        "name": "新北市永和區永和國中",
        "district": "永和區",
        "city": "newtaipei",
        "risk_level": "medium",
        "supplier_name": "上將食品有限公司；統鮮美食股份有限公司；雙翼食品有限公司",
        "last_incident_date": "2026-03-16"
      },
      "geometry": {
        "type": "Point",
        "coordinates": [
          121.52301,
          25.0058967
        ]
      }
    },
    {
      "type": "Feature",
      "properties": {
        "name": "新北市永和區永和國小",
        "district": "永和區",
        "city": "newtaipei",
        "risk_level": "medium",
        "supplier_name": "上將食品有限公司；久翔食品股份有限公司；雙翼食品有限公司",
        "last_incident_date": "2026-03-16"
      },
      "geometry": {
        "type": "Point",
        "coordinates": [
          121.516948,
          25.0033711
        ]
      }
    },
    {
      "type": "Feature",
      "properties": {
        "name": "新北市永和區永平國小",
        "district": "永和區",
        "city": "newtaipei",
        "risk_level": "medium",
        "supplier_name": "新北市永和區永平國小",
        "last_incident_date": "2026-03-12"
      },
      "geometry": {
        "type": "Point",
        "coordinates": [
          121.505072,
          25.0076661
        ]
      }
    },
    {
      "type": "Feature",
      "properties": {
        "name": "新北市永和區福和國中",
        "district": "永和區",
        "city": "newtaipei",
        "risk_level": "high",
        "supplier_name": "上將食品有限公司；統鮮美食股份有限公司；雙翼食品有限公司",
        "last_incident_date": "2026-03-16"
      },
      "geometry": {
        "type": "Point",
        "coordinates": [
          121.5209434,
          25.0040606
        ]
      }
    },
    {
      "type": "Feature",
      "properties": {
        "name": "新北市永和區秀朗國小",
        "district": "永和區",
        "city": "newtaipei",
        "risk_level": "medium",
        "supplier_name": "久翔食品股份有限公司；雙翼食品有限公司",
        "last_incident_date": "2026-03-16"
      },
      "geometry": {
        "type": "Point",
        "coordinates": [
          121.5213727,
          24.9989399
        ]
      }
    },
    {
      "type": "Feature",
      "properties": {
        "name": "新北市永和區私立及人國小",
        "district": "永和區",
        "city": "newtaipei",
        "risk_level": "medium",
        "supplier_name": "新北食品股份有限公司；珍品軒食品有限公司",
        "last_incident_date": "2026-03-16"
      },
      "geometry": {
        "type": "Point",
        "coordinates": [
          121.5118716,
          25.0156533
        ]
      }
    },
    {
      "type": "Feature",
      "properties": {
        "name": "新北市永和區私立竹林國小",
        "district": "永和區",
        "city": "newtaipei",
        "risk_level": "high",
        "supplier_name": "久翔食品股份有限公司；珍品軒食品有限公司",
        "last_incident_date": "2026-03-16"
      },
      "geometry": {
        "type": "Point",
        "coordinates": [
          121.5170389,
          25.0145585
        ]
      }
    },
    {
      "type": "Feature",
      "properties": {
        "name": "新北市永和區私立育才國小",
        "district": "永和區",
        "city": "newtaipei",
        "risk_level": "medium",
        "supplier_name": "久翔食品股份有限公司",
        "last_incident_date": "2026-03-16"
      },
      "geometry": {
        "type": "Point",
        "coordinates": [
          121.521715,
          25.007022
        ]
      }
    },
    {
      "type": "Feature",
      "properties": {
        "name": "新北市永和區網溪國小",
        "district": "永和區",
        "city": "newtaipei",
        "risk_level": "medium",
        "supplier_name": "久翔食品股份有限公司；雙翼食品有限公司",
        "last_incident_date": "2026-03-16"
      },
      "geometry": {
        "type": "Point",
        "coordinates": [
          121.5200381,
          25.0131925
        ]
      }
    },
    {
      "type": "Feature",
      "properties": {
        "name": "新北市永和區頂溪國小",
        "district": "永和區",
        "city": "newtaipei",
        "risk_level": "medium",
        "supplier_name": "久翔食品股份有限公司；雙翼食品有限公司",
        "last_incident_date": "2026-03-16"
      },
      "geometry": {
        "type": "Point",
        "coordinates": [
          121.5114852,
          25.0152952
        ]
      }
    },
    {
      "type": "Feature",
      "properties": {
        "name": "新北市汐止區保長國小",
        "district": "汐止區",
        "city": "newtaipei",
        "risk_level": "medium",
        "supplier_name": "新北市汐止區長安國小",
        "last_incident_date": "2026-03-16"
      },
      "geometry": {
        "type": "Point",
        "coordinates": [
          121.680851,
          25.071773
        ]
      }
    },
    {
      "type": "Feature",
      "properties": {
        "name": "新北市汐止區北峰國小",
        "district": "汐止區",
        "city": "newtaipei",
        "risk_level": "medium",
        "supplier_name": "食家安飲食文化股份有限公司",
        "last_incident_date": "2026-03-07"
      },
      "geometry": {
        "type": "Point",
        "coordinates": [
          121.6323479,
          25.0633154
        ]
      }
    },
    {
      "type": "Feature",
      "properties": {
        "name": "新北市汐止區北港國小",
        "district": "汐止區",
        "city": "newtaipei",
        "risk_level": "medium",
        "supplier_name": "新北市汐止區北港國小",
        "last_incident_date": "2026-03-16"
      },
      "geometry": {
        "type": "Point",
        "coordinates": [
          121.6452485,
          25.0888467
        ]
      }
    },
    {
      "type": "Feature",
      "properties": {
        "name": "新北市汐止區崇德國小",
        "district": "汐止區",
        "city": "newtaipei",
        "risk_level": "medium",
        "supplier_name": "統鮮美食股份有限公司(崇德國小)",
        "last_incident_date": "2026-03-16"
      },
      "geometry": {
        "type": "Point",
        "coordinates": [
          121.6691867,
          25.0695778
        ]
      }
    },
    {
      "type": "Feature",
      "properties": {
        "name": "新北市汐止區東山國小",
        "district": "汐止區",
        "city": "newtaipei",
        "risk_level": "medium",
        "supplier_name": "統鮮美食股份有限公司(崇德國小)",
        "last_incident_date": "2026-03-16"
      },
      "geometry": {
        "type": "Point",
        "coordinates": [
          121.7000861,
          25.0600444
        ]
      }
    },
    {
      "type": "Feature",
      "properties": {
        "name": "新北市汐止區樟樹國小",
        "district": "汐止區",
        "city": "newtaipei",
        "risk_level": "medium",
        "supplier_name": "食家安飲食文化股份有限公司",
        "last_incident_date": "2026-03-07"
      },
      "geometry": {
        "type": "Point",
        "coordinates": [
          121.6417674,
          25.0664982
        ]
      }
    },
    {
      "type": "Feature",
      "properties": {
        "name": "新北市汐止區汐止國中",
        "district": "汐止區",
        "city": "newtaipei",
        "risk_level": "medium",
        "supplier_name": "新北市汐止區汐止國中",
        "last_incident_date": "2026-03-16"
      },
      "geometry": {
        "type": "Point",
        "coordinates": [
          121.6583371,
          25.0669566
        ]
      }
    },
    {
      "type": "Feature",
      "properties": {
        "name": "新北市汐止區汐止國小",
        "district": "汐止區",
        "city": "newtaipei",
        "risk_level": "medium",
        "supplier_name": "食家安飲食文化股份有限公司",
        "last_incident_date": "2026-03-07"
      },
      "geometry": {
        "type": "Point",
        "coordinates": [
          121.6545593,
          25.0670642
        ]
      }
    },
    {
      "type": "Feature",
      "properties": {
        "name": "新北市汐止區白雲國小",
        "district": "汐止區",
        "city": "newtaipei",
        "risk_level": "high",
        "supplier_name": "食家安飲食文化股份有限公司",
        "last_incident_date": "2026-03-12"
      },
      "geometry": {
        "type": "Point",
        "coordinates": [
          121.618851,
          25.04766
        ]
      }
    },
    {
      "type": "Feature",
      "properties": {
        "name": "新北市汐止區秀峰國小",
        "district": "汐止區",
        "city": "newtaipei",
        "risk_level": "medium",
        "supplier_name": "新北市汐止區秀峰國小",
        "last_incident_date": "2026-03-16"
      },
      "geometry": {
        "type": "Point",
        "coordinates": [
          121.6617018,
          25.0628885
        ]
      }
    },
    {
      "type": "Feature",
      "properties": {
        "name": "新北市汐止區金龍國小",
        "district": "汐止區",
        "city": "newtaipei",
        "risk_level": "medium",
        "supplier_name": "統鮮美食股份有限公司",
        "last_incident_date": "2026-03-16"
      },
      "geometry": {
        "type": "Point",
        "coordinates": [
          121.6277344,
          25.0685754
        ]
      }
    },
    {
      "type": "Feature",
      "properties": {
        "name": "新北市汐止區長安國小",
        "district": "汐止區",
        "city": "newtaipei",
        "risk_level": "medium",
        "supplier_name": "新北市汐止區長安國小",
        "last_incident_date": "2026-03-16"
      },
      "geometry": {
        "type": "Point",
        "coordinates": [
          121.6707885,
          25.0793147
        ]
      }
    },
    {
      "type": "Feature",
      "properties": {
        "name": "新北市汐止區青山國中(小)",
        "district": "汐止區",
        "city": "newtaipei",
        "risk_level": "medium",
        "supplier_name": "統鮮美食股份有限公司",
        "last_incident_date": "2026-03-16"
      },
      "geometry": {
        "type": "Point",
        "coordinates": [
          121.65666,
          25.0611597
        ]
      }
    },
    {
      "type": "Feature",
      "properties": {
        "name": "新北市泰山區同榮國小",
        "district": "泰山區",
        "city": "newtaipei",
        "risk_level": "medium",
        "supplier_name": "統鮮美食股份有限公司",
        "last_incident_date": "2026-03-16"
      },
      "geometry": {
        "type": "Point",
        "coordinates": [
          121.4276721,
          25.0543026
        ]
      }
    },
    {
      "type": "Feature",
      "properties": {
        "name": "新北市泰山區明志國小",
        "district": "泰山區",
        "city": "newtaipei",
        "risk_level": "medium",
        "supplier_name": "上將食品有限公司",
        "last_incident_date": "2026-03-16"
      },
      "geometry": {
        "type": "Point",
        "coordinates": [
          121.4269401,
          25.0450758
        ]
      }
    },
    {
      "type": "Feature",
      "properties": {
        "name": "新北市泰山區泰山國中",
        "district": "泰山區",
        "city": "newtaipei",
        "risk_level": "medium",
        "supplier_name": "統鮮美食股份有限公司",
        "last_incident_date": "2026-03-16"
      },
      "geometry": {
        "type": "Point",
        "coordinates": [
          121.4256889,
          25.0653869
        ]
      }
    },
    {
      "type": "Feature",
      "properties": {
        "name": "新北市泰山區泰山國小",
        "district": "泰山區",
        "city": "newtaipei",
        "risk_level": "medium",
        "supplier_name": "統鮮美食股份有限公司",
        "last_incident_date": "2026-03-16"
      },
      "geometry": {
        "type": "Point",
        "coordinates": [
          121.4315562,
          25.0614848
        ]
      }
    },
    {
      "type": "Feature",
      "properties": {
        "name": "新北市泰山區義學國中",
        "district": "泰山區",
        "city": "newtaipei",
        "risk_level": "medium",
        "supplier_name": "上將食品有限公司；統鮮美食股份有限公司",
        "last_incident_date": "2026-03-16"
      },
      "geometry": {
        "type": "Point",
        "coordinates": [
          121.431268,
          25.0517424
        ]
      }
    },
    {
      "type": "Feature",
      "properties": {
        "name": "新北市泰山區義學國小",
        "district": "泰山區",
        "city": "newtaipei",
        "risk_level": "medium",
        "supplier_name": "上將食品有限公司",
        "last_incident_date": "2026-03-16"
      },
      "geometry": {
        "type": "Point",
        "coordinates": [
          121.4308926,
          25.0522369
        ]
      }
    },
    {
      "type": "Feature",
      "properties": {
        "name": "新北市淡水區中泰國小",
        "district": "淡水區",
        "city": "newtaipei",
        "risk_level": "medium",
        "supplier_name": "新北市三芝區三芝國小",
        "last_incident_date": "2026-03-16"
      },
      "geometry": {
        "type": "Point",
        "coordinates": [
          121.4845694,
          25.2241699
        ]
      }
    },
    {
      "type": "Feature",
      "properties": {
        "name": "新北市淡水區坪頂國小",
        "district": "淡水區",
        "city": "newtaipei",
        "risk_level": "medium",
        "supplier_name": "新北市淡水區鄧公國小",
        "last_incident_date": "2026-03-16"
      },
      "geometry": {
        "type": "Point",
        "coordinates": [
          121.4838746,
          25.1580198
        ]
      }
    },
    {
      "type": "Feature",
      "properties": {
        "name": "新北市淡水區天生國小",
        "district": "淡水區",
        "city": "newtaipei",
        "risk_level": "medium",
        "supplier_name": "統鮮美食股份有限公司(新北新市國小)",
        "last_incident_date": "2026-03-16"
      },
      "geometry": {
        "type": "Point",
        "coordinates": [
          121.424601,
          25.181506
        ]
      }
    },
    {
      "type": "Feature",
      "properties": {
        "name": "新北市淡水區屯山國小",
        "district": "淡水區",
        "city": "newtaipei",
        "risk_level": "medium",
        "supplier_name": "新北市三芝區三芝國小",
        "last_incident_date": "2026-03-16"
      },
      "geometry": {
        "type": "Point",
        "coordinates": [
          121.456325,
          25.237288
        ]
      }
    },
    {
      "type": "Feature",
      "properties": {
        "name": "新北市淡水區忠山實驗國小",
        "district": "淡水區",
        "city": "newtaipei",
        "risk_level": "medium",
        "supplier_name": "新北市淡水區忠山實驗國小",
        "last_incident_date": "2026-03-12"
      },
      "geometry": {
        "type": "Point",
        "coordinates": [
          121.4799327,
          25.2004145
        ]
      }
    },
    {
      "type": "Feature",
      "properties": {
        "name": "新北市淡水區文化國小",
        "district": "淡水區",
        "city": "newtaipei",
        "risk_level": "medium",
        "supplier_name": "愛欣食品有限公司",
        "last_incident_date": "2026-03-16"
      },
      "geometry": {
        "type": "Point",
        "coordinates": [
          121.437371,
          25.1740069
        ]
      }
    },
    {
      "type": "Feature",
      "properties": {
        "name": "新北市淡水區新市國小",
        "district": "淡水區",
        "city": "newtaipei",
        "risk_level": "medium",
        "supplier_name": "統鮮美食股份有限公司(新北新市國小)",
        "last_incident_date": "2026-03-16"
      },
      "geometry": {
        "type": "Point",
        "coordinates": [
          121.4443784,
          25.1864213
        ]
      }
    },
    {
      "type": "Feature",
      "properties": {
        "name": "新北市淡水區新興國小",
        "district": "淡水區",
        "city": "newtaipei",
        "risk_level": "medium",
        "supplier_name": "愛欣食品有限公司(新北巿淡水區淡海國小)",
        "last_incident_date": "2026-03-16"
      },
      "geometry": {
        "type": "Point",
        "coordinates": [
          121.4400679,
          25.1797101
        ]
      }
    },
    {
      "type": "Feature",
      "properties": {
        "name": "新北市淡水區正德國中",
        "district": "淡水區",
        "city": "newtaipei",
        "risk_level": "medium",
        "supplier_name": "愛欣食品有限公司；新北食品股份有限公司",
        "last_incident_date": "2026-03-16"
      },
      "geometry": {
        "type": "Point",
        "coordinates": [
          121.447565,
          25.179051
        ]
      }
    },
    {
      "type": "Feature",
      "properties": {
        "name": "新北市淡水區水源國小",
        "district": "淡水區",
        "city": "newtaipei",
        "risk_level": "medium",
        "supplier_name": "新北市淡水區鄧公國小",
        "last_incident_date": "2026-03-16"
      },
      "geometry": {
        "type": "Point",
        "coordinates": [
          121.4765516,
          25.1858379
        ]
      }
    },
    {
      "type": "Feature",
      "properties": {
        "name": "新北市淡水區淡水國中",
        "district": "淡水區",
        "city": "newtaipei",
        "risk_level": "medium",
        "supplier_name": "新北食品股份有限公司",
        "last_incident_date": "2026-03-16"
      },
      "geometry": {
        "type": "Point",
        "coordinates": [
          121.4366735,
          25.1749602
        ]
      }
    },
    {
      "type": "Feature",
      "properties": {
        "name": "新北市淡水區淡水國小",
        "district": "淡水區",
        "city": "newtaipei",
        "risk_level": "medium",
        "supplier_name": "統鮮美食股份有限公司(新北新市國小)",
        "last_incident_date": "2026-03-16"
      },
      "geometry": {
        "type": "Point",
        "coordinates": [
          121.4410781,
          25.1730041
        ]
      }
    },
    {
      "type": "Feature",
      "properties": {
        "name": "新北市淡水區淡海國小",
        "district": "淡水區",
        "city": "newtaipei",
        "risk_level": "medium",
        "supplier_name": "愛欣食品有限公司(新北巿淡水區淡海國小)",
        "last_incident_date": "2026-03-16"
      },
      "geometry": {
        "type": "Point",
        "coordinates": [
          121.4291801,
          25.1952091
        ]
      }
    },
    {
      "type": "Feature",
      "properties": {
        "name": "新北市淡水區竹圍國小",
        "district": "淡水區",
        "city": "newtaipei",
        "risk_level": "high",
        "supplier_name": "愛欣食品有限公司",
        "last_incident_date": "2026-03-30"
      },
      "geometry": {
        "type": "Point",
        "coordinates": [
          121.4601781,
          25.1471058
        ]
      }
    },
    {
      "type": "Feature",
      "properties": {
        "name": "新北市淡水區育英國小",
        "district": "淡水區",
        "city": "newtaipei",
        "risk_level": "medium",
        "supplier_name": "新北市淡水區鄧公國小",
        "last_incident_date": "2026-03-16"
      },
      "geometry": {
        "type": "Point",
        "coordinates": [
          121.444851,
          25.197064
        ]
      }
    },
    {
      "type": "Feature",
      "properties": {
        "name": "新北市淡水區興仁國小",
        "district": "淡水區",
        "city": "newtaipei",
        "risk_level": "medium",
        "supplier_name": "新北市三芝區三芝國小",
        "last_incident_date": "2026-03-16"
      },
      "geometry": {
        "type": "Point",
        "coordinates": [
          121.4512149,
          25.2175745
        ]
      }
    },
    {
      "type": "Feature",
      "properties": {
        "name": "新北市深坑區深坑國中",
        "district": "深坑區",
        "city": "newtaipei",
        "risk_level": "medium",
        "supplier_name": "統鮮美食股份有限公司(新北深坑國小)",
        "last_incident_date": "2026-03-16"
      },
      "geometry": {
        "type": "Point",
        "coordinates": [
          121.6183191,
          25.0009541
        ]
      }
    },
    {
      "type": "Feature",
      "properties": {
        "name": "新北市深坑區深坑國小",
        "district": "深坑區",
        "city": "newtaipei",
        "risk_level": "medium",
        "supplier_name": "統鮮美食股份有限公司(新北深坑國小)",
        "last_incident_date": "2026-03-16"
      },
      "geometry": {
        "type": "Point",
        "coordinates": [
          121.6171368,
          25.0017788
        ]
      }
    },
    {
      "type": "Feature",
      "properties": {
        "name": "新北市烏來區德拉楠民族實驗國小",
        "district": "烏來區",
        "city": "newtaipei",
        "risk_level": "medium",
        "supplier_name": "新北市烏來區德拉楠民族實驗國小",
        "last_incident_date": "2026-03-16"
      },
      "geometry": {
        "type": "Point",
        "coordinates": [
          121.5022037,
          24.7774365
        ]
      }
    },
    {
      "type": "Feature",
      "properties": {
        "name": "新北市烏來區烏來國中(小)",
        "district": "烏來區",
        "city": "newtaipei",
        "risk_level": "medium",
        "supplier_name": "新北市烏來區烏來國中(小)",
        "last_incident_date": "2026-03-12"
      },
      "geometry": {
        "type": "Point",
        "coordinates": [
          121.5540847,
          24.8633308
        ]
      }
    },
    {
      "type": "Feature",
      "properties": {
        "name": "新北市瑞芳區九份國小",
        "district": "瑞芳區",
        "city": "newtaipei",
        "risk_level": "high",
        "supplier_name": "新北市瑞芳區九份國小",
        "last_incident_date": "2026-03-12"
      },
      "geometry": {
        "type": "Point",
        "coordinates": [
          121.8436296,
          25.1074286
        ]
      }
    },
    {
      "type": "Feature",
      "properties": {
        "name": "新北市瑞芳區吉慶國小",
        "district": "瑞芳區",
        "city": "newtaipei",
        "risk_level": "medium",
        "supplier_name": "新北市瑞芳區吉慶國小",
        "last_incident_date": "2026-03-16"
      },
      "geometry": {
        "type": "Point",
        "coordinates": [
          121.7630961,
          25.099843
        ]
      }
    },
    {
      "type": "Feature",
      "properties": {
        "name": "新北市瑞芳區欽賢國中",
        "district": "瑞芳區",
        "city": "newtaipei",
        "risk_level": "medium",
        "supplier_name": "新北市瑞芳區欽賢國中",
        "last_incident_date": "2026-03-16"
      },
      "geometry": {
        "type": "Point",
        "coordinates": [
          121.8455581,
          25.1051478
        ]
      }
    },
    {
      "type": "Feature",
      "properties": {
        "name": "新北市瑞芳區濂洞國小",
        "district": "瑞芳區",
        "city": "newtaipei",
        "risk_level": "medium",
        "supplier_name": "久翔食品股份有限公司(新北市瑞芳國民小學)",
        "last_incident_date": "2026-03-16"
      },
      "geometry": {
        "type": "Point",
        "coordinates": [
          121.8599855,
          25.1223236
        ]
      }
    },
    {
      "type": "Feature",
      "properties": {
        "name": "新北市瑞芳區猴硐-蒙特梭利實驗國小",
        "district": "瑞芳區",
        "city": "newtaipei",
        "risk_level": "medium",
        "supplier_name": "久翔食品股份有限公司(新北市瑞芳國民小學)",
        "last_incident_date": "2026-03-16"
      },
      "geometry": {
        "type": "Point",
        "coordinates": [
          121.8334918,
          25.0957247
        ]
      }
    },
    {
      "type": "Feature",
      "properties": {
        "name": "新北市瑞芳區瑞亭國小",
        "district": "瑞芳區",
        "city": "newtaipei",
        "risk_level": "medium",
        "supplier_name": "新北市瑞芳區瑞亭國小",
        "last_incident_date": "2026-03-12"
      },
      "geometry": {
        "type": "Point",
        "coordinates": [
          121.7776061,
          25.1028543
        ]
      }
    },
    {
      "type": "Feature",
      "properties": {
        "name": "新北市瑞芳區瑞柑國小",
        "district": "瑞芳區",
        "city": "newtaipei",
        "risk_level": "medium",
        "supplier_name": "久翔食品股份有限公司(新北市瑞芳國民小學)",
        "last_incident_date": "2026-03-16"
      },
      "geometry": {
        "type": "Point",
        "coordinates": [
          121.8226928,
          25.109106
        ]
      }
    },
    {
      "type": "Feature",
      "properties": {
        "name": "新北市瑞芳區瑞濱國小",
        "district": "瑞芳區",
        "city": "newtaipei",
        "risk_level": "medium",
        "supplier_name": "新北市瑞芳區瑞濱國小",
        "last_incident_date": "2026-03-16"
      },
      "geometry": {
        "type": "Point",
        "coordinates": [
          121.81997,
          25.1202103
        ]
      }
    },
    {
      "type": "Feature",
      "properties": {
        "name": "新北市瑞芳區瑞芳國中",
        "district": "瑞芳區",
        "city": "newtaipei",
        "risk_level": "medium",
        "supplier_name": "久翔食品股份有限公司(新北市瑞芳國民小學)",
        "last_incident_date": "2026-03-16"
      },
      "geometry": {
        "type": "Point",
        "coordinates": [
          121.8165372,
          25.1077512
        ]
      }
    },
    {
      "type": "Feature",
      "properties": {
        "name": "新北市瑞芳區瑞芳國小",
        "district": "瑞芳區",
        "city": "newtaipei",
        "risk_level": "medium",
        "supplier_name": "久翔食品股份有限公司(新北市瑞芳國民小學)",
        "last_incident_date": "2026-03-16"
      },
      "geometry": {
        "type": "Point",
        "coordinates": [
          121.8047245,
          25.1078144
        ]
      }
    },
    {
      "type": "Feature",
      "properties": {
        "name": "新北市瑞芳區瓜山國小",
        "district": "瑞芳區",
        "city": "newtaipei",
        "risk_level": "medium",
        "supplier_name": "新北市瑞芳區瓜山國小",
        "last_incident_date": "2026-03-16"
      },
      "geometry": {
        "type": "Point",
        "coordinates": [
          121.8570488,
          25.1110064
        ]
      }
    },
    {
      "type": "Feature",
      "properties": {
        "name": "新北市瑞芳區義方國小",
        "district": "瑞芳區",
        "city": "newtaipei",
        "risk_level": "medium",
        "supplier_name": "新北市瑞芳區義方國小",
        "last_incident_date": "2026-03-16"
      },
      "geometry": {
        "type": "Point",
        "coordinates": [
          121.8019644,
          25.1131232
        ]
      }
    },
    {
      "type": "Feature",
      "properties": {
        "name": "新北市瑞芳區鼻頭國小",
        "district": "瑞芳區",
        "city": "newtaipei",
        "risk_level": "medium",
        "supplier_name": "新北市瑞芳區鼻頭國小",
        "last_incident_date": "2026-03-08"
      },
      "geometry": {
        "type": "Point",
        "coordinates": [
          121.9195251,
          25.1213779
        ]
      }
    },
    {
      "type": "Feature",
      "properties": {
        "name": "新北市石碇區和平國小",
        "district": "石碇區",
        "city": "newtaipei",
        "risk_level": "medium",
        "supplier_name": "新北市石碇區石碇高中",
        "last_incident_date": "2026-03-16"
      },
      "geometry": {
        "type": "Point",
        "coordinates": [
          121.6415671,
          25.0116622
        ]
      }
    },
    {
      "type": "Feature",
      "properties": {
        "name": "新北市石碇區永定國小",
        "district": "石碇區",
        "city": "newtaipei",
        "risk_level": "medium",
        "supplier_name": "新北市石碇區永定國小",
        "last_incident_date": "2026-03-30"
      },
      "geometry": {
        "type": "Point",
        "coordinates": [
          121.6882809,
          25.007807
        ]
      }
    },
    {
      "type": "Feature",
      "properties": {
        "name": "新北市石碇區石碇國小",
        "district": "石碇區",
        "city": "newtaipei",
        "risk_level": "medium",
        "supplier_name": "新北市石碇區石碇高中",
        "last_incident_date": "2026-03-16"
      },
      "geometry": {
        "type": "Point",
        "coordinates": [
          121.6590142,
          24.9906097
        ]
      }
    },
    {
      "type": "Feature",
      "properties": {
        "name": "新北市石碇區雲海國小",
        "district": "石碇區",
        "city": "newtaipei",
        "risk_level": "medium",
        "supplier_name": "新北市石碇區雲海國小",
        "last_incident_date": "2026-03-08"
      },
      "geometry": {
        "type": "Point",
        "coordinates": [
          121.636376,
          24.952989
        ]
      }
    },
    {
      "type": "Feature",
      "properties": {
        "name": "新北市石門區乾華國小",
        "district": "石門區",
        "city": "newtaipei",
        "risk_level": "medium",
        "supplier_name": "新北市石門區乾華國小",
        "last_incident_date": "2026-03-16"
      },
      "geometry": {
        "type": "Point",
        "coordinates": [
          121.5922165,
          25.2691286
        ]
      }
    },
    {
      "type": "Feature",
      "properties": {
        "name": "新北市石門區石門國小",
        "district": "石門區",
        "city": "newtaipei",
        "risk_level": "medium",
        "supplier_name": "新北市石門區石門國小",
        "last_incident_date": "2026-03-16"
      },
      "geometry": {
        "type": "Point",
        "coordinates": [
          121.5672318,
          25.2919941
        ]
      }
    },
    {
      "type": "Feature",
      "properties": {
        "name": "新北市石門區石門實驗國中",
        "district": "石門區",
        "city": "newtaipei",
        "risk_level": "medium",
        "supplier_name": "新北市石門區石門實驗國中",
        "last_incident_date": "2026-03-16"
      },
      "geometry": {
        "type": "Point",
        "coordinates": [
          121.564478,
          25.291248
        ]
      }
    },
    {
      "type": "Feature",
      "properties": {
        "name": "新北市石門區老梅實驗國小",
        "district": "石門區",
        "city": "newtaipei",
        "risk_level": "medium",
        "supplier_name": "新北市石門區老梅實驗國小",
        "last_incident_date": "2026-03-16"
      },
      "geometry": {
        "type": "Point",
        "coordinates": [
          121.5447978,
          25.2888511
        ]
      }
    },
    {
      "type": "Feature",
      "properties": {
        "name": "新北市萬里區大坪國小",
        "district": "萬里區",
        "city": "newtaipei",
        "risk_level": "medium",
        "supplier_name": "新北市萬里區萬里國小",
        "last_incident_date": "2026-03-16"
      },
      "geometry": {
        "type": "Point",
        "coordinates": [
          121.6385466,
          25.1672809
        ]
      }
    },
    {
      "type": "Feature",
      "properties": {
        "name": "新北市萬里區大鵬國小",
        "district": "萬里區",
        "city": "newtaipei",
        "risk_level": "high",
        "supplier_name": "新北市萬里區大鵬國小",
        "last_incident_date": "2026-03-30"
      },
      "geometry": {
        "type": "Point",
        "coordinates": [
          121.6508706,
          25.2088298
        ]
      }
    },
    {
      "type": "Feature",
      "properties": {
        "name": "新北市萬里區崁腳國小",
        "district": "萬里區",
        "city": "newtaipei",
        "risk_level": "medium",
        "supplier_name": "新北市萬里區萬里國小",
        "last_incident_date": "2026-03-16"
      },
      "geometry": {
        "type": "Point",
        "coordinates": [
          121.6491835,
          25.160305
        ]
      }
    },
    {
      "type": "Feature",
      "properties": {
        "name": "新北市萬里區萬里國中",
        "district": "萬里區",
        "city": "newtaipei",
        "risk_level": "medium",
        "supplier_name": "新北市萬里區萬里國中",
        "last_incident_date": "2026-03-16"
      },
      "geometry": {
        "type": "Point",
        "coordinates": [
          121.6944122,
          25.1770477
        ]
      }
    },
    {
      "type": "Feature",
      "properties": {
        "name": "新北市萬里區萬里國小",
        "district": "萬里區",
        "city": "newtaipei",
        "risk_level": "medium",
        "supplier_name": "新北市萬里區萬里國小",
        "last_incident_date": "2026-03-16"
      },
      "geometry": {
        "type": "Point",
        "coordinates": [
          121.689228,
          25.1761503
        ]
      }
    },
    {
      "type": "Feature",
      "properties": {
        "name": "新北市萬里區野柳國小",
        "district": "萬里區",
        "city": "newtaipei",
        "risk_level": "medium",
        "supplier_name": "新北市萬里區野柳國小",
        "last_incident_date": "2026-03-16"
      },
      "geometry": {
        "type": "Point",
        "coordinates": [
          121.6893652,
          25.2054436
        ]
      }
    },
    {
      "type": "Feature",
      "properties": {
        "name": "新北市蘆洲區仁愛國小",
        "district": "蘆洲區",
        "city": "newtaipei",
        "risk_level": "medium",
        "supplier_name": "上將食品有限公司；愛欣食品有限公司；新北食品股份有限公司",
        "last_incident_date": "2026-03-16"
      },
      "geometry": {
        "type": "Point",
        "coordinates": [
          121.4705388,
          25.0911487
        ]
      }
    },
    {
      "type": "Feature",
      "properties": {
        "name": "新北市蘆洲區忠義國小",
        "district": "蘆洲區",
        "city": "newtaipei",
        "risk_level": "high",
        "supplier_name": "上將食品有限公司；愛欣食品有限公司；新北食品股份有限公司",
        "last_incident_date": "2026-03-30"
      },
      "geometry": {
        "type": "Point",
        "coordinates": [
          121.4635369,
          25.0898139
        ]
      }
    },
    {
      "type": "Feature",
      "properties": {
        "name": "新北市蘆洲區成功國小",
        "district": "蘆洲區",
        "city": "newtaipei",
        "risk_level": "medium",
        "supplier_name": "新北食品股份有限公司(成功國民小學)",
        "last_incident_date": "2026-03-16"
      },
      "geometry": {
        "type": "Point",
        "coordinates": [
          121.457378,
          25.0856724
        ]
      }
    },
    {
      "type": "Feature",
      "properties": {
        "name": "新北市蘆洲區蘆洲國中",
        "district": "蘆洲區",
        "city": "newtaipei",
        "risk_level": "medium",
        "supplier_name": "新北食品股份有限公司；統鮮美食股份有限公司",
        "last_incident_date": "2026-03-16"
      },
      "geometry": {
        "type": "Point",
        "coordinates": [
          121.4666728,
          25.086934
        ]
      }
    },
    {
      "type": "Feature",
      "properties": {
        "name": "新北市蘆洲區蘆洲國小",
        "district": "蘆洲區",
        "city": "newtaipei",
        "risk_level": "medium",
        "supplier_name": "新北食品股份有限公司(新北市蘆洲國小)",
        "last_incident_date": "2026-03-16"
      },
      "geometry": {
        "type": "Point",
        "coordinates": [
          121.4700712,
          25.0844014
        ]
      }
    },
    {
      "type": "Feature",
      "properties": {
        "name": "新北市蘆洲區鷺江國中",
        "district": "蘆洲區",
        "city": "newtaipei",
        "risk_level": "medium",
        "supplier_name": "上將食品有限公司；食家安飲食文化股份有限公司",
        "last_incident_date": "2026-03-07"
      },
      "geometry": {
        "type": "Point",
        "coordinates": [
          121.4615222,
          25.0908836
        ]
      }
    },
    {
      "type": "Feature",
      "properties": {
        "name": "新北市蘆洲區鷺江國小",
        "district": "蘆洲區",
        "city": "newtaipei",
        "risk_level": "high",
        "supplier_name": "上將食品有限公司；愛欣食品有限公司；新北食品股份有限公司",
        "last_incident_date": "2026-03-18"
      },
      "geometry": {
        "type": "Point",
        "coordinates": [
          121.4766525,
          25.085096
        ]
      }
    },
    {
      "type": "Feature",
      "properties": {
        "name": "新北市貢寮區和美國小",
        "district": "貢寮區",
        "city": "newtaipei",
        "risk_level": "medium",
        "supplier_name": "新北市貢寮區和美國小",
        "last_incident_date": "2026-03-16"
      },
      "geometry": {
        "type": "Point",
        "coordinates": [
          121.9195084,
          25.1124043
        ]
      }
    },
    {
      "type": "Feature",
      "properties": {
        "name": "新北市貢寮區澳底國小",
        "district": "貢寮區",
        "city": "newtaipei",
        "risk_level": "medium",
        "supplier_name": "新北市貢寮區澳底國小",
        "last_incident_date": "2026-03-16"
      },
      "geometry": {
        "type": "Point",
        "coordinates": [
          121.924534,
          25.054924
        ]
      }
    },
    {
      "type": "Feature",
      "properties": {
        "name": "新北市貢寮區福連國小",
        "district": "貢寮區",
        "city": "newtaipei",
        "risk_level": "medium",
        "supplier_name": "新北市貢寮區福隆國小",
        "last_incident_date": "2026-03-16"
      },
      "geometry": {
        "type": "Point",
        "coordinates": [
          121.988721,
          25.0167967
        ]
      }
    },
    {
      "type": "Feature",
      "properties": {
        "name": "新北市貢寮區福隆國小",
        "district": "貢寮區",
        "city": "newtaipei",
        "risk_level": "medium",
        "supplier_name": "新北市貢寮區福隆國小",
        "last_incident_date": "2026-03-16"
      },
      "geometry": {
        "type": "Point",
        "coordinates": [
          121.9487798,
          25.0174198
        ]
      }
    },
    {
      "type": "Feature",
      "properties": {
        "name": "新北市貢寮區貢寮國中",
        "district": "貢寮區",
        "city": "newtaipei",
        "risk_level": "medium",
        "supplier_name": "新北市雙溪區雙溪高中",
        "last_incident_date": "2026-03-16"
      },
      "geometry": {
        "type": "Point",
        "coordinates": [
          121.907827,
          25.016433
        ]
      }
    },
    {
      "type": "Feature",
      "properties": {
        "name": "新北市貢寮區貢寮國小",
        "district": "貢寮區",
        "city": "newtaipei",
        "risk_level": "medium",
        "supplier_name": "新北市貢寮區貢寮國小",
        "last_incident_date": "2026-03-16"
      },
      "geometry": {
        "type": "Point",
        "coordinates": [
          121.9154877,
          25.0220718
        ]
      }
    },
    {
      "type": "Feature",
      "properties": {
        "name": "新北市金山區三和國小",
        "district": "金山區",
        "city": "newtaipei",
        "risk_level": "medium",
        "supplier_name": "愛欣食品有限公司(新北市金山區金山高中)",
        "last_incident_date": "2026-03-16"
      },
      "geometry": {
        "type": "Point",
        "coordinates": [
          121.6028682,
          25.2189204
        ]
      }
    },
    {
      "type": "Feature",
      "properties": {
        "name": "新北市金山區中角國小",
        "district": "金山區",
        "city": "newtaipei",
        "risk_level": "medium",
        "supplier_name": "新北市金山區中角國小",
        "last_incident_date": "2026-03-12"
      },
      "geometry": {
        "type": "Point",
        "coordinates": [
          121.630602,
          25.239723
        ]
      }
    },
    {
      "type": "Feature",
      "properties": {
        "name": "新北市金山區金山國小",
        "district": "金山區",
        "city": "newtaipei",
        "risk_level": "medium",
        "supplier_name": "愛欣食品有限公司(新北市金山區金山高中)",
        "last_incident_date": "2026-03-16"
      },
      "geometry": {
        "type": "Point",
        "coordinates": [
          121.636599,
          25.222905
        ]
      }
    },
    {
      "type": "Feature",
      "properties": {
        "name": "新北市金山區金美國小",
        "district": "金山區",
        "city": "newtaipei",
        "risk_level": "high",
        "supplier_name": "新北市金山區金美國小",
        "last_incident_date": "2026-03-16"
      },
      "geometry": {
        "type": "Point",
        "coordinates": [
          121.6354001,
          25.2211334
        ]
      }
    },
    {
      "type": "Feature",
      "properties": {
        "name": "新北市雙溪區上林國小",
        "district": "雙溪區",
        "city": "newtaipei",
        "risk_level": "medium",
        "supplier_name": "新北市雙溪區上林國小附設幼兒園",
        "last_incident_date": "2026-03-10"
      },
      "geometry": {
        "type": "Point",
        "coordinates": [
          121.8321167,
          25.029311
        ]
      }
    },
    {
      "type": "Feature",
      "properties": {
        "name": "新北市雙溪區柑林國小",
        "district": "雙溪區",
        "city": "newtaipei",
        "risk_level": "medium",
        "supplier_name": "新北市雙溪區雙溪高中",
        "last_incident_date": "2026-03-16"
      },
      "geometry": {
        "type": "Point",
        "coordinates": [
          121.8046429,
          25.015076
        ]
      }
    },
    {
      "type": "Feature",
      "properties": {
        "name": "新北市雙溪區牡丹國小",
        "district": "雙溪區",
        "city": "newtaipei",
        "risk_level": "medium",
        "supplier_name": "新北市雙溪區雙溪高中",
        "last_incident_date": "2026-03-16"
      },
      "geometry": {
        "type": "Point",
        "coordinates": [
          121.8517028,
          25.062108
        ]
      }
    },
    {
      "type": "Feature",
      "properties": {
        "name": "新北市雙溪區雙溪國小",
        "district": "雙溪區",
        "city": "newtaipei",
        "risk_level": "medium",
        "supplier_name": "新北市雙溪區雙溪高中",
        "last_incident_date": "2026-03-16"
      },
      "geometry": {
        "type": "Point",
        "coordinates": [
          121.8666176,
          25.0334837
        ]
      }
    },
    {
      "type": "Feature",
      "properties": {
        "name": "新北市鶯歌區中湖國小",
        "district": "鶯歌區",
        "city": "newtaipei",
        "risk_level": "medium",
        "supplier_name": "統鮮美食股份有限公司(建國國小)",
        "last_incident_date": "2026-03-16"
      },
      "geometry": {
        "type": "Point",
        "coordinates": [
          121.3480221,
          24.9732834
        ]
      }
    },
    {
      "type": "Feature",
      "properties": {
        "name": "新北市鶯歌區二橋國小",
        "district": "鶯歌區",
        "city": "newtaipei",
        "risk_level": "medium",
        "supplier_name": "新北市鶯歌區二橋國小",
        "last_incident_date": "2026-03-16"
      },
      "geometry": {
        "type": "Point",
        "coordinates": [
          121.3377567,
          24.9410772
        ]
      }
    },
    {
      "type": "Feature",
      "properties": {
        "name": "新北市鶯歌區尖山國中",
        "district": "鶯歌區",
        "city": "newtaipei",
        "risk_level": "medium",
        "supplier_name": "統鮮美食股份有限公司(建國國小)",
        "last_incident_date": "2026-03-16"
      },
      "geometry": {
        "type": "Point",
        "coordinates": [
          121.3421559,
          24.9436969
        ]
      }
    },
    {
      "type": "Feature",
      "properties": {
        "name": "新北市鶯歌區建國國小",
        "district": "鶯歌區",
        "city": "newtaipei",
        "risk_level": "medium",
        "supplier_name": "統鮮美食股份有限公司(建國國小)",
        "last_incident_date": "2026-03-16"
      },
      "geometry": {
        "type": "Point",
        "coordinates": [
          121.3468027,
          24.9549962
        ]
      }
    },
    {
      "type": "Feature",
      "properties": {
        "name": "新北市鶯歌區昌福國小",
        "district": "鶯歌區",
        "city": "newtaipei",
        "risk_level": "medium",
        "supplier_name": "廣豐食品有限公司(鳳鳴國小)",
        "last_incident_date": "2026-03-16"
      },
      "geometry": {
        "type": "Point",
        "coordinates": [
          121.3395259,
          24.9557864
        ]
      }
    },
    {
      "type": "Feature",
      "properties": {
        "name": "新北市鶯歌區永吉國小",
        "district": "鶯歌區",
        "city": "newtaipei",
        "risk_level": "medium",
        "supplier_name": "廣豐食品有限公司(鳳鳴國小)",
        "last_incident_date": "2026-03-16"
      },
      "geometry": {
        "type": "Point",
        "coordinates": [
          121.332739,
          24.959045
        ]
      }
    },
    {
      "type": "Feature",
      "properties": {
        "name": "新北市鶯歌區鳳鳴國中",
        "district": "鶯歌區",
        "city": "newtaipei",
        "risk_level": "medium",
        "supplier_name": "廣豐食品有限公司(鳳鳴國小)",
        "last_incident_date": "2026-03-16"
      },
      "geometry": {
        "type": "Point",
        "coordinates": [
          121.331827,
          24.967511
        ]
      }
    },
    {
      "type": "Feature",
      "properties": {
        "name": "新北市鶯歌區鳳鳴國小",
        "district": "鶯歌區",
        "city": "newtaipei",
        "risk_level": "medium",
        "supplier_name": "廣豐食品有限公司(鳳鳴國小)",
        "last_incident_date": "2026-03-16"
      },
      "geometry": {
        "type": "Point",
        "coordinates": [
          121.334826,
          24.969172
        ]
      }
    },
    {
      "type": "Feature",
      "properties": {
        "name": "新北市鶯歌區鶯歌國中",
        "district": "鶯歌區",
        "city": "newtaipei",
        "risk_level": "medium",
        "supplier_name": "沅益食品有限公司；雙翼食品有限公司",
        "last_incident_date": "2026-03-16"
      },
      "geometry": {
        "type": "Point",
        "coordinates": [
          121.3448534,
          24.9504584
        ]
      }
    },
    {
      "type": "Feature",
      "properties": {
        "name": "新北市鶯歌區鶯歌國小",
        "district": "鶯歌區",
        "city": "newtaipei",
        "risk_level": "medium",
        "supplier_name": "沅益食品有限公司；雙翼食品有限公司",
        "last_incident_date": "2026-03-16"
      },
      "geometry": {
        "type": "Point",
        "coordinates": [
          121.3460408,
          24.951314
        ]
      }
    },
    {
      "type": "Feature",
      "properties": {
        "name": "臺北市中山區中山國小",
        "district": "中山區",
        "city": "taipei",
        "risk_level": "high",
        "supplier_name": "",
        "last_incident_date": "2026-03-21"
      },
      "geometry": {
        "type": "Point",
        "coordinates": [
          121.5264755,
          25.0628946
        ]
      }
    },
    {
      "type": "Feature",
      "properties": {
        "name": "臺北市中山區中正國小",
        "district": "中山區",
        "city": "taipei",
        "risk_level": "low",
        "supplier_name": "",
        "last_incident_date": ""
      },
      "geometry": {
        "type": "Point",
        "coordinates": [
          121.5393708,
          25.0506621
        ]
      }
    },
    {
      "type": "Feature",
      "properties": {
        "name": "臺北市中山區五常國中",
        "district": "中山區",
        "city": "taipei",
        "risk_level": "low",
        "supplier_name": "",
        "last_incident_date": ""
      },
      "geometry": {
        "type": "Point",
        "coordinates": [
          121.543251,
          25.0634804
        ]
      }
    },
    {
      "type": "Feature",
      "properties": {
        "name": "臺北市中山區五常國小",
        "district": "中山區",
        "city": "taipei",
        "risk_level": "low",
        "supplier_name": "",
        "last_incident_date": ""
      },
      "geometry": {
        "type": "Point",
        "coordinates": [
          121.5418175,
          25.0640119
        ]
      }
    },
    {
      "type": "Feature",
      "properties": {
        "name": "臺北市中山區北安國中",
        "district": "中山區",
        "city": "taipei",
        "risk_level": "low",
        "supplier_name": "",
        "last_incident_date": ""
      },
      "geometry": {
        "type": "Point",
        "coordinates": [
          121.5415678,
          25.0777783
        ]
      }
    },
    {
      "type": "Feature",
      "properties": {
        "name": "臺北市中山區吉林國小",
        "district": "中山區",
        "city": "taipei",
        "risk_level": "low",
        "supplier_name": "",
        "last_incident_date": ""
      },
      "geometry": {
        "type": "Point",
        "coordinates": [
          121.5292245,
          25.0541638
        ]
      }
    },
    {
      "type": "Feature",
      "properties": {
        "name": "臺北市中山區大佳國小",
        "district": "中山區",
        "city": "taipei",
        "risk_level": "high",
        "supplier_name": "",
        "last_incident_date": "2026-03-21"
      },
      "geometry": {
        "type": "Point",
        "coordinates": [
          121.5360181,
          25.0733728
        ]
      }
    },
    {
      "type": "Feature",
      "properties": {
        "name": "臺北市中山區大直國小",
        "district": "中山區",
        "city": "taipei",
        "risk_level": "low",
        "supplier_name": "",
        "last_incident_date": ""
      },
      "geometry": {
        "type": "Point",
        "coordinates": [
          121.5464127,
          25.0805261
        ]
      }
    },
    {
      "type": "Feature",
      "properties": {
        "name": "臺北市中山區懷生國小",
        "district": "中山區",
        "city": "taipei",
        "risk_level": "low",
        "supplier_name": "",
        "last_incident_date": ""
      },
      "geometry": {
        "type": "Point",
        "coordinates": [
          121.5417844,
          25.0452404
        ]
      }
    },
    {
      "type": "Feature",
      "properties": {
        "name": "臺北市中山區新興國中",
        "district": "中山區",
        "city": "taipei",
        "risk_level": "low",
        "supplier_name": "",
        "last_incident_date": ""
      },
      "geometry": {
        "type": "Point",
        "coordinates": [
          121.5263386,
          25.062038
        ]
      }
    },
    {
      "type": "Feature",
      "properties": {
        "name": "臺北市中山區永安國小",
        "district": "中山區",
        "city": "taipei",
        "risk_level": "low",
        "supplier_name": "",
        "last_incident_date": ""
      },
      "geometry": {
        "type": "Point",
        "coordinates": [
          121.5495772,
          25.0787857
        ]
      }
    },
    {
      "type": "Feature",
      "properties": {
        "name": "臺北市中山區濱江國小",
        "district": "中山區",
        "city": "taipei",
        "risk_level": "low",
        "supplier_name": "",
        "last_incident_date": ""
      },
      "geometry": {
        "type": "Point",
        "coordinates": [
          121.5610254,
          25.0776229
        ]
      }
    },
    {
      "type": "Feature",
      "properties": {
        "name": "臺北市中山區濱江實驗國中",
        "district": "中山區",
        "city": "taipei",
        "risk_level": "low",
        "supplier_name": "",
        "last_incident_date": ""
      },
      "geometry": {
        "type": "Point",
        "coordinates": [
          121.5607499,
          25.07955
        ]
      }
    },
    {
      "type": "Feature",
      "properties": {
        "name": "臺北市中山區長安國中",
        "district": "中山區",
        "city": "taipei",
        "risk_level": "low",
        "supplier_name": "",
        "last_incident_date": ""
      },
      "geometry": {
        "type": "Point",
        "coordinates": [
          121.5320162,
          25.0493783
        ]
      }
    },
    {
      "type": "Feature",
      "properties": {
        "name": "臺北市中山區長安國小",
        "district": "中山區",
        "city": "taipei",
        "risk_level": "low",
        "supplier_name": "",
        "last_incident_date": ""
      },
      "geometry": {
        "type": "Point",
        "coordinates": [
          121.5301942,
          25.0498254
        ]
      }
    },
    {
      "type": "Feature",
      "properties": {
        "name": "臺北市中山區長春國小",
        "district": "中山區",
        "city": "taipei",
        "risk_level": "high",
        "supplier_name": "",
        "last_incident_date": "2026-03-18"
      },
      "geometry": {
        "type": "Point",
        "coordinates": [
          121.5339509,
          25.0548904
        ]
      }
    },
    {
      "type": "Feature",
      "properties": {
        "name": "臺北市中正區中正國中",
        "district": "中正區",
        "city": "taipei",
        "risk_level": "low",
        "supplier_name": "",
        "last_incident_date": ""
      },
      "geometry": {
        "type": "Point",
        "coordinates": [
          121.521894,
          25.0322885
        ]
      }
    },
    {
      "type": "Feature",
      "properties": {
        "name": "臺北市中正區南門國中",
        "district": "中正區",
        "city": "taipei",
        "risk_level": "low",
        "supplier_name": "",
        "last_incident_date": ""
      },
      "geometry": {
        "type": "Point",
        "coordinates": [
          121.5092027,
          25.0352063
        ]
      }
    },
    {
      "type": "Feature",
      "properties": {
        "name": "臺北市中正區南門國小",
        "district": "中正區",
        "city": "taipei",
        "risk_level": "low",
        "supplier_name": "",
        "last_incident_date": ""
      },
      "geometry": {
        "type": "Point",
        "coordinates": [
          121.5089988,
          25.0350106
        ]
      }
    },
    {
      "type": "Feature",
      "properties": {
        "name": "臺北市中正區古亭國中",
        "district": "中正區",
        "city": "taipei",
        "risk_level": "low",
        "supplier_name": "",
        "last_incident_date": ""
      },
      "geometry": {
        "type": "Point",
        "coordinates": [
          121.5108066,
          25.0249449
        ]
      }
    },
    {
      "type": "Feature",
      "properties": {
        "name": "臺北市中正區國語實驗國小",
        "district": "中正區",
        "city": "taipei",
        "risk_level": "low",
        "supplier_name": "",
        "last_incident_date": ""
      },
      "geometry": {
        "type": "Point",
        "coordinates": [
          25.0303805,
          121.5083084
        ]
      }
    },
    {
      "type": "Feature",
      "properties": {
        "name": "臺北市中正區弘道國中",
        "district": "中正區",
        "city": "taipei",
        "risk_level": "low",
        "supplier_name": "",
        "last_incident_date": ""
      },
      "geometry": {
        "type": "Point",
        "coordinates": [
          121.5152934,
          25.0374875
        ]
      }
    },
    {
      "type": "Feature",
      "properties": {
        "name": "臺北市中正區忠孝國小",
        "district": "中正區",
        "city": "taipei",
        "risk_level": "low",
        "supplier_name": "",
        "last_incident_date": ""
      },
      "geometry": {
        "type": "Point",
        "coordinates": [
          121.5315814,
          25.0430886
        ]
      }
    },
    {
      "type": "Feature",
      "properties": {
        "name": "臺北市中正區忠義國小",
        "district": "中正區",
        "city": "taipei",
        "risk_level": "low",
        "supplier_name": "",
        "last_incident_date": ""
      },
      "geometry": {
        "type": "Point",
        "coordinates": [
          121.5061905,
          25.0297043
        ]
      }
    },
    {
      "type": "Feature",
      "properties": {
        "name": "臺北市中正區東門國小",
        "district": "中正區",
        "city": "taipei",
        "risk_level": "low",
        "supplier_name": "",
        "last_incident_date": ""
      },
      "geometry": {
        "type": "Point",
        "coordinates": [
          121.5209036,
          25.0386345
        ]
      }
    },
    {
      "type": "Feature",
      "properties": {
        "name": "臺北市中正區河堤國小",
        "district": "中正區",
        "city": "taipei",
        "risk_level": "low",
        "supplier_name": "",
        "last_incident_date": ""
      },
      "geometry": {
        "type": "Point",
        "coordinates": [
          121.5223251,
          25.023202
        ]
      }
    },
    {
      "type": "Feature",
      "properties": {
        "name": "臺北市中正區臺北市立大學附設國小",
        "district": "中正區",
        "city": "taipei",
        "risk_level": "low",
        "supplier_name": "",
        "last_incident_date": ""
      },
      "geometry": {
        "type": "Point",
        "coordinates": [
          121.5155233,
          25.036164
        ]
      }
    },
    {
      "type": "Feature",
      "properties": {
        "name": "臺北市中正區螢橋國中",
        "district": "中正區",
        "city": "taipei",
        "risk_level": "low",
        "supplier_name": "",
        "last_incident_date": ""
      },
      "geometry": {
        "type": "Point",
        "coordinates": [
          121.5262598,
          25.019376
        ]
      }
    },
    {
      "type": "Feature",
      "properties": {
        "name": "臺北市中正區螢橋國小",
        "district": "中正區",
        "city": "taipei",
        "risk_level": "low",
        "supplier_name": "",
        "last_incident_date": ""
      },
      "geometry": {
        "type": "Point",
        "coordinates": [
          121.5143526,
          25.0251379
        ]
      }
    },
    {
      "type": "Feature",
      "properties": {
        "name": "臺北市信義區三興國小",
        "district": "信義區",
        "city": "taipei",
        "risk_level": "low",
        "supplier_name": "",
        "last_incident_date": ""
      },
      "geometry": {
        "type": "Point",
        "coordinates": [
          121.5588319,
          25.0292438
        ]
      }
    },
    {
      "type": "Feature",
      "properties": {
        "name": "臺北市信義區信義國中",
        "district": "信義區",
        "city": "taipei",
        "risk_level": "low",
        "supplier_name": "",
        "last_incident_date": ""
      },
      "geometry": {
        "type": "Point",
        "coordinates": [
          121.5677566,
          25.0288257
        ]
      }
    },
    {
      "type": "Feature",
      "properties": {
        "name": "臺北市信義區信義國小",
        "district": "信義區",
        "city": "taipei",
        "risk_level": "low",
        "supplier_name": "",
        "last_incident_date": ""
      },
      "geometry": {
        "type": "Point",
        "coordinates": [
          121.5629977,
          25.0312351
        ]
      }
    },
    {
      "type": "Feature",
      "properties": {
        "name": "臺北市信義區光復國小",
        "district": "信義區",
        "city": "taipei",
        "risk_level": "low",
        "supplier_name": "",
        "last_incident_date": ""
      },
      "geometry": {
        "type": "Point",
        "coordinates": [
          121.5581897,
          25.0402306
        ]
      }
    },
    {
      "type": "Feature",
      "properties": {
        "name": "臺北市信義區博愛國小",
        "district": "信義區",
        "city": "taipei",
        "risk_level": "low",
        "supplier_name": "",
        "last_incident_date": ""
      },
      "geometry": {
        "type": "Point",
        "coordinates": [
          121.5708933,
          25.0359962
        ]
      }
    },
    {
      "type": "Feature",
      "properties": {
        "name": "臺北市信義區吳興國小",
        "district": "信義區",
        "city": "taipei",
        "risk_level": "high",
        "supplier_name": "",
        "last_incident_date": "2026-03-29"
      },
      "geometry": {
        "type": "Point",
        "coordinates": [
          121.5683186,
          25.0255934
        ]
      }
    },
    {
      "type": "Feature",
      "properties": {
        "name": "臺北市信義區永吉國中",
        "district": "信義區",
        "city": "taipei",
        "risk_level": "low",
        "supplier_name": "",
        "last_incident_date": ""
      },
      "geometry": {
        "type": "Point",
        "coordinates": [
          121.5737906,
          25.0483189
        ]
      }
    },
    {
      "type": "Feature",
      "properties": {
        "name": "臺北市信義區瑠公國中",
        "district": "信義區",
        "city": "taipei",
        "risk_level": "low",
        "supplier_name": "",
        "last_incident_date": ""
      },
      "geometry": {
        "type": "Point",
        "coordinates": [
          121.5854371,
          25.0370894
        ]
      }
    },
    {
      "type": "Feature",
      "properties": {
        "name": "臺北市信義區福德國小",
        "district": "信義區",
        "city": "taipei",
        "risk_level": "low",
        "supplier_name": "",
        "last_incident_date": ""
      },
      "geometry": {
        "type": "Point",
        "coordinates": [
          121.5867071,
          25.0385144
        ]
      }
    },
    {
      "type": "Feature",
      "properties": {
        "name": "臺北市信義區興雅國中",
        "district": "信義區",
        "city": "taipei",
        "risk_level": "low",
        "supplier_name": "",
        "last_incident_date": ""
      },
      "geometry": {
        "type": "Point",
        "coordinates": [
          121.5722586,
          25.035644
        ]
      }
    },
    {
      "type": "Feature",
      "properties": {
        "name": "臺北市信義區興雅國小",
        "district": "信義區",
        "city": "taipei",
        "risk_level": "low",
        "supplier_name": "",
        "last_incident_date": ""
      },
      "geometry": {
        "type": "Point",
        "coordinates": [
          121.5696554,
          25.047249
        ]
      }
    },
    {
      "type": "Feature",
      "properties": {
        "name": "臺北市信義區雙永國小",
        "district": "信義區",
        "city": "taipei",
        "risk_level": "low",
        "supplier_name": "",
        "last_incident_date": ""
      },
      "geometry": {
        "type": "Point",
        "coordinates": [
          121.5798135,
          25.0430966
        ]
      }
    },
    {
      "type": "Feature",
      "properties": {
        "name": "臺北市內湖區三民國中",
        "district": "內湖區",
        "city": "taipei",
        "risk_level": "low",
        "supplier_name": "",
        "last_incident_date": ""
      },
      "geometry": {
        "type": "Point",
        "coordinates": [
          121.5863956,
          25.069161
        ]
      }
    },
    {
      "type": "Feature",
      "properties": {
        "name": "臺北市內湖區內湖國中",
        "district": "內湖區",
        "city": "taipei",
        "risk_level": "low",
        "supplier_name": "",
        "last_incident_date": ""
      },
      "geometry": {
        "type": "Point",
        "coordinates": [
          121.5886895,
          25.077035
        ]
      }
    },
    {
      "type": "Feature",
      "properties": {
        "name": "臺北市內湖區內湖國小",
        "district": "內湖區",
        "city": "taipei",
        "risk_level": "low",
        "supplier_name": "",
        "last_incident_date": ""
      },
      "geometry": {
        "type": "Point",
        "coordinates": [
          121.5805088,
          25.0796114
        ]
      }
    },
    {
      "type": "Feature",
      "properties": {
        "name": "臺北市內湖區南湖國小",
        "district": "內湖區",
        "city": "taipei",
        "risk_level": "low",
        "supplier_name": "",
        "last_incident_date": ""
      },
      "geometry": {
        "type": "Point",
        "coordinates": [
          121.6116241,
          25.0681686
        ]
      }
    },
    {
      "type": "Feature",
      "properties": {
        "name": "臺北市內湖區大湖國小",
        "district": "內湖區",
        "city": "taipei",
        "risk_level": "low",
        "supplier_name": "",
        "last_incident_date": ""
      },
      "geometry": {
        "type": "Point",
        "coordinates": [
          121.6004917,
          25.0881016
        ]
      }
    },
    {
      "type": "Feature",
      "properties": {
        "name": "臺北市內湖區康寧國小",
        "district": "內湖區",
        "city": "taipei",
        "risk_level": "low",
        "supplier_name": "",
        "last_incident_date": ""
      },
      "geometry": {
        "type": "Point",
        "coordinates": [
          121.5949113,
          25.0800888
        ]
      }
    },
    {
      "type": "Feature",
      "properties": {
        "name": "臺北市內湖區文湖國小",
        "district": "內湖區",
        "city": "taipei",
        "risk_level": "high",
        "supplier_name": "",
        "last_incident_date": "2026-03-31"
      },
      "geometry": {
        "type": "Point",
        "coordinates": [
          121.5599854,
          25.0863225
        ]
      }
    },
    {
      "type": "Feature",
      "properties": {
        "name": "臺北市內湖區新湖國小",
        "district": "內湖區",
        "city": "taipei",
        "risk_level": "low",
        "supplier_name": "",
        "last_incident_date": ""
      },
      "geometry": {
        "type": "Point",
        "coordinates": [
          121.5884679,
          25.0682888
        ]
      }
    },
    {
      "type": "Feature",
      "properties": {
        "name": "臺北市內湖區明湖國中",
        "district": "內湖區",
        "city": "taipei",
        "risk_level": "low",
        "supplier_name": "",
        "last_incident_date": ""
      },
      "geometry": {
        "type": "Point",
        "coordinates": [
          121.6106431,
          25.0706196
        ]
      }
    },
    {
      "type": "Feature",
      "properties": {
        "name": "臺北市內湖區明湖國小",
        "district": "內湖區",
        "city": "taipei",
        "risk_level": "low",
        "supplier_name": "",
        "last_incident_date": ""
      },
      "geometry": {
        "type": "Point",
        "coordinates": [
          121.6112683,
          25.0713268
        ]
      }
    },
    {
      "type": "Feature",
      "properties": {
        "name": "臺北市內湖區東湖國中",
        "district": "內湖區",
        "city": "taipei",
        "risk_level": "low",
        "supplier_name": "",
        "last_incident_date": ""
      },
      "geometry": {
        "type": "Point",
        "coordinates": [
          121.6201035,
          25.0725594
        ]
      }
    },
    {
      "type": "Feature",
      "properties": {
        "name": "臺北市內湖區東湖國小",
        "district": "內湖區",
        "city": "taipei",
        "risk_level": "low",
        "supplier_name": "",
        "last_incident_date": ""
      },
      "geometry": {
        "type": "Point",
        "coordinates": [
          121.616085,
          25.0689881
        ]
      }
    },
    {
      "type": "Feature",
      "properties": {
        "name": "臺北市內湖區潭美國小",
        "district": "內湖區",
        "city": "taipei",
        "risk_level": "low",
        "supplier_name": "",
        "last_incident_date": ""
      },
      "geometry": {
        "type": "Point",
        "coordinates": [
          121.5814525,
          25.05933
        ]
      }
    },
    {
      "type": "Feature",
      "properties": {
        "name": "臺北市內湖區碧湖國小",
        "district": "內湖區",
        "city": "taipei",
        "risk_level": "low",
        "supplier_name": "",
        "last_incident_date": ""
      },
      "geometry": {
        "type": "Point",
        "coordinates": [
          121.5911128,
          25.0851686
        ]
      }
    },
    {
      "type": "Feature",
      "properties": {
        "name": "臺北市內湖區西湖國小",
        "district": "內湖區",
        "city": "taipei",
        "risk_level": "high",
        "supplier_name": "",
        "last_incident_date": "2026-03-01"
      },
      "geometry": {
        "type": "Point",
        "coordinates": [
          121.5657339,
          25.0838152
        ]
      }
    },
    {
      "type": "Feature",
      "properties": {
        "name": "臺北市內湖區西湖實中",
        "district": "內湖區",
        "city": "taipei",
        "risk_level": "low",
        "supplier_name": "",
        "last_incident_date": ""
      },
      "geometry": {
        "type": "Point",
        "coordinates": [
          121.5660775,
          25.0854627
        ]
      }
    },
    {
      "type": "Feature",
      "properties": {
        "name": "臺北市內湖區麗山國中",
        "district": "內湖區",
        "city": "taipei",
        "risk_level": "low",
        "supplier_name": "",
        "last_incident_date": ""
      },
      "geometry": {
        "type": "Point",
        "coordinates": [
          121.5759675,
          25.0821733
        ]
      }
    },
    {
      "type": "Feature",
      "properties": {
        "name": "臺北市內湖區麗山國小",
        "district": "內湖區",
        "city": "taipei",
        "risk_level": "low",
        "supplier_name": "",
        "last_incident_date": ""
      },
      "geometry": {
        "type": "Point",
        "coordinates": [
          121.5723182,
          25.0830794
        ]
      }
    },
    {
      "type": "Feature",
      "properties": {
        "name": "臺北市內湖區麗湖國小",
        "district": "內湖區",
        "city": "taipei",
        "risk_level": "low",
        "supplier_name": "",
        "last_incident_date": ""
      },
      "geometry": {
        "type": "Point",
        "coordinates": [
          121.6012039,
          25.073162
        ]
      }
    },
    {
      "type": "Feature",
      "properties": {
        "name": "臺北市北投區北投國中",
        "district": "北投區",
        "city": "taipei",
        "risk_level": "low",
        "supplier_name": "",
        "last_incident_date": ""
      },
      "geometry": {
        "type": "Point",
        "coordinates": [
          121.5046844,
          25.1344332
        ]
      }
    },
    {
      "type": "Feature",
      "properties": {
        "name": "臺北市北投區北投國小",
        "district": "北投區",
        "city": "taipei",
        "risk_level": "low",
        "supplier_name": "",
        "last_incident_date": ""
      },
      "geometry": {
        "type": "Point",
        "coordinates": [
          121.5002075,
          25.1341467
        ]
      }
    },
    {
      "type": "Feature",
      "properties": {
        "name": "臺北市北投區大屯國小",
        "district": "北投區",
        "city": "taipei",
        "risk_level": "low",
        "supplier_name": "",
        "last_incident_date": ""
      },
      "geometry": {
        "type": "Point",
        "coordinates": [
          121.5040167,
          25.1549141
        ]
      }
    },
    {
      "type": "Feature",
      "properties": {
        "name": "臺北市北投區文化國小",
        "district": "北投區",
        "city": "taipei",
        "risk_level": "low",
        "supplier_name": "",
        "last_incident_date": ""
      },
      "geometry": {
        "type": "Point",
        "coordinates": [
          121.4965074,
          25.1371562
        ]
      }
    },
    {
      "type": "Feature",
      "properties": {
        "name": "臺北市北投區文林國小",
        "district": "北投區",
        "city": "taipei",
        "risk_level": "low",
        "supplier_name": "",
        "last_incident_date": ""
      },
      "geometry": {
        "type": "Point",
        "coordinates": [
          121.5147455,
          25.1059061
        ]
      }
    },
    {
      "type": "Feature",
      "properties": {
        "name": "臺北市北投區新民國中",
        "district": "北投區",
        "city": "taipei",
        "risk_level": "low",
        "supplier_name": "",
        "last_incident_date": ""
      },
      "geometry": {
        "type": "Point",
        "coordinates": [
          121.5063989,
          25.1382345
        ]
      }
    },
    {
      "type": "Feature",
      "properties": {
        "name": "臺北市北投區明德國中",
        "district": "北投區",
        "city": "taipei",
        "risk_level": "low",
        "supplier_name": "",
        "last_incident_date": ""
      },
      "geometry": {
        "type": "Point",
        "coordinates": [
          121.5190055,
          25.107897
        ]
      }
    },
    {
      "type": "Feature",
      "properties": {
        "name": "臺北市北投區明德國小",
        "district": "北投區",
        "city": "taipei",
        "risk_level": "low",
        "supplier_name": "",
        "last_incident_date": ""
      },
      "geometry": {
        "type": "Point",
        "coordinates": [
          121.5217958,
          25.112128
        ]
      }
    },
    {
      "type": "Feature",
      "properties": {
        "name": "臺北市北投區桃源國中",
        "district": "北投區",
        "city": "taipei",
        "risk_level": "low",
        "supplier_name": "",
        "last_incident_date": ""
      },
      "geometry": {
        "type": "Point",
        "coordinates": [
          121.477338,
          25.1347115
        ]
      }
    },
    {
      "type": "Feature",
      "properties": {
        "name": "臺北市北投區桃源國小",
        "district": "北投區",
        "city": "taipei",
        "risk_level": "low",
        "supplier_name": "",
        "last_incident_date": ""
      },
      "geometry": {
        "type": "Point",
        "coordinates": [
          121.4844614,
          25.1397049
        ]
      }
    },
    {
      "type": "Feature",
      "properties": {
        "name": "臺北市北投區泉源實驗國小",
        "district": "北投區",
        "city": "taipei",
        "risk_level": "low",
        "supplier_name": "",
        "last_incident_date": ""
      },
      "geometry": {
        "type": "Point",
        "coordinates": [
          121.5240858,
          25.1493082
        ]
      }
    },
    {
      "type": "Feature",
      "properties": {
        "name": "臺北市北投區清江國小",
        "district": "北投區",
        "city": "taipei",
        "risk_level": "low",
        "supplier_name": "",
        "last_incident_date": ""
      },
      "geometry": {
        "type": "Point",
        "coordinates": [
          121.5074753,
          25.1268231
        ]
      }
    },
    {
      "type": "Feature",
      "properties": {
        "name": "臺北市北投區湖山國小",
        "district": "北投區",
        "city": "taipei",
        "risk_level": "low",
        "supplier_name": "",
        "last_incident_date": ""
      },
      "geometry": {
        "type": "Point",
        "coordinates": [
          121.535925,
          25.1500052
        ]
      }
    },
    {
      "type": "Feature",
      "properties": {
        "name": "臺北市北投區湖田實驗國小",
        "district": "北投區",
        "city": "taipei",
        "risk_level": "low",
        "supplier_name": "",
        "last_incident_date": ""
      },
      "geometry": {
        "type": "Point",
        "coordinates": [
          121.538774,
          25.168457
        ]
      }
    },
    {
      "type": "Feature",
      "properties": {
        "name": "臺北市北投區石牌國中",
        "district": "北投區",
        "city": "taipei",
        "risk_level": "low",
        "supplier_name": "",
        "last_incident_date": ""
      },
      "geometry": {
        "type": "Point",
        "coordinates": [
          121.5141674,
          25.1149627
        ]
      }
    },
    {
      "type": "Feature",
      "properties": {
        "name": "臺北市北投區石牌國小",
        "district": "北投區",
        "city": "taipei",
        "risk_level": "low",
        "supplier_name": "",
        "last_incident_date": ""
      },
      "geometry": {
        "type": "Point",
        "coordinates": [
          121.5124252,
          25.1154038
        ]
      }
    },
    {
      "type": "Feature",
      "properties": {
        "name": "臺北市北投區私立薇閣國小(低年級)",
        "district": "北投區",
        "city": "taipei",
        "risk_level": "low",
        "supplier_name": "",
        "last_incident_date": ""
      },
      "geometry": {
        "type": "Point",
        "coordinates": [
          121.5008795,
          25.1360521
        ]
      }
    },
    {
      "type": "Feature",
      "properties": {
        "name": "臺北市北投區私立薇閣國小(高年級)",
        "district": "北投區",
        "city": "taipei",
        "risk_level": "low",
        "supplier_name": "",
        "last_incident_date": ""
      },
      "geometry": {
        "type": "Point",
        "coordinates": [
          121.5008795,
          25.1360521
        ]
      }
    },
    {
      "type": "Feature",
      "properties": {
        "name": "臺北市北投區立農國小",
        "district": "北投區",
        "city": "taipei",
        "risk_level": "low",
        "supplier_name": "",
        "last_incident_date": ""
      },
      "geometry": {
        "type": "Point",
        "coordinates": [
          121.505032,
          25.119493
        ]
      }
    },
    {
      "type": "Feature",
      "properties": {
        "name": "臺北市北投區義方國小",
        "district": "北投區",
        "city": "taipei",
        "risk_level": "low",
        "supplier_name": "",
        "last_incident_date": ""
      },
      "geometry": {
        "type": "Point",
        "coordinates": [
          121.5092916,
          25.1419691
        ]
      }
    },
    {
      "type": "Feature",
      "properties": {
        "name": "臺北市北投區逸仙國小",
        "district": "北投區",
        "city": "taipei",
        "risk_level": "low",
        "supplier_name": "",
        "last_incident_date": ""
      },
      "geometry": {
        "type": "Point",
        "coordinates": [
          121.5051666,
          25.1383717
        ]
      }
    },
    {
      "type": "Feature",
      "properties": {
        "name": "臺北市北投區關渡國中",
        "district": "北投區",
        "city": "taipei",
        "risk_level": "low",
        "supplier_name": "",
        "last_incident_date": ""
      },
      "geometry": {
        "type": "Point",
        "coordinates": [
          121.4671378,
          25.1198994
        ]
      }
    },
    {
      "type": "Feature",
      "properties": {
        "name": "臺北市北投區關渡國小",
        "district": "北投區",
        "city": "taipei",
        "risk_level": "low",
        "supplier_name": "",
        "last_incident_date": ""
      },
      "geometry": {
        "type": "Point",
        "coordinates": [
          121.4665248,
          25.1262112
        ]
      }
    },
    {
      "type": "Feature",
      "properties": {
        "name": "臺北市南港區修德國小",
        "district": "南港區",
        "city": "taipei",
        "risk_level": "high",
        "supplier_name": "",
        "last_incident_date": "2026-03-27"
      },
      "geometry": {
        "type": "Point",
        "coordinates": [
          121.5896272,
          25.0454795
        ]
      }
    },
    {
      "type": "Feature",
      "properties": {
        "name": "臺北市南港區南港國小",
        "district": "南港區",
        "city": "taipei",
        "risk_level": "high",
        "supplier_name": "",
        "last_incident_date": "2026-03-24"
      },
      "geometry": {
        "type": "Point",
        "coordinates": [
          121.6107725,
          25.0576651
        ]
      }
    },
    {
      "type": "Feature",
      "properties": {
        "name": "臺北市南港區成德國中",
        "district": "南港區",
        "city": "taipei",
        "risk_level": "high",
        "supplier_name": "",
        "last_incident_date": "2026-03-13"
      },
      "geometry": {
        "type": "Point",
        "coordinates": [
          121.5876777,
          25.0449417
        ]
      }
    },
    {
      "type": "Feature",
      "properties": {
        "name": "臺北市南港區成德國小",
        "district": "南港區",
        "city": "taipei",
        "risk_level": "low",
        "supplier_name": "",
        "last_incident_date": ""
      },
      "geometry": {
        "type": "Point",
        "coordinates": [
          121.5868725,
          25.0470902
        ]
      }
    },
    {
      "type": "Feature",
      "properties": {
        "name": "臺北市南港區東新國小",
        "district": "南港區",
        "city": "taipei",
        "risk_level": "high",
        "supplier_name": "",
        "last_incident_date": "2026-03-17"
      },
      "geometry": {
        "type": "Point",
        "coordinates": [
          121.60211,
          25.056042
        ]
      }
    },
    {
      "type": "Feature",
      "properties": {
        "name": "臺北市南港區玉成國小",
        "district": "南港區",
        "city": "taipei",
        "risk_level": "low",
        "supplier_name": "",
        "last_incident_date": ""
      },
      "geometry": {
        "type": "Point",
        "coordinates": [
          121.5945708,
          25.0536151
        ]
      }
    },
    {
      "type": "Feature",
      "properties": {
        "name": "臺北市南港區胡適國小",
        "district": "南港區",
        "city": "taipei",
        "risk_level": "low",
        "supplier_name": "",
        "last_incident_date": ""
      },
      "geometry": {
        "type": "Point",
        "coordinates": [
          121.617798,
          25.0427148
        ]
      }
    },
    {
      "type": "Feature",
      "properties": {
        "name": "臺北市南港區舊莊國小",
        "district": "南港區",
        "city": "taipei",
        "risk_level": "low",
        "supplier_name": "",
        "last_incident_date": ""
      },
      "geometry": {
        "type": "Point",
        "coordinates": [
          121.619421,
          25.0397244
        ]
      }
    },
    {
      "type": "Feature",
      "properties": {
        "name": "臺北市南港區誠正國中",
        "district": "南港區",
        "city": "taipei",
        "risk_level": "low",
        "supplier_name": "",
        "last_incident_date": ""
      },
      "geometry": {
        "type": "Point",
        "coordinates": [
          121.6188493,
          25.0536955
        ]
      }
    },
    {
      "type": "Feature",
      "properties": {
        "name": "臺北市士林區三玉國小",
        "district": "士林區",
        "city": "taipei",
        "risk_level": "low",
        "supplier_name": "",
        "last_incident_date": ""
      },
      "geometry": {
        "type": "Point",
        "coordinates": [
          121.5371384,
          25.1172163
        ]
      }
    },
    {
      "type": "Feature",
      "properties": {
        "name": "臺北市士林區劍潭國小",
        "district": "士林區",
        "city": "taipei",
        "risk_level": "low",
        "supplier_name": "",
        "last_incident_date": ""
      },
      "geometry": {
        "type": "Point",
        "coordinates": [
          121.5228989,
          25.0798338
        ]
      }
    },
    {
      "type": "Feature",
      "properties": {
        "name": "臺北市士林區士東國小",
        "district": "士林區",
        "city": "taipei",
        "risk_level": "low",
        "supplier_name": "",
        "last_incident_date": ""
      },
      "geometry": {
        "type": "Point",
        "coordinates": [
          121.5269179,
          25.112849
        ]
      }
    },
    {
      "type": "Feature",
      "properties": {
        "name": "臺北市士林區士林國中",
        "district": "士林區",
        "city": "taipei",
        "risk_level": "high",
        "supplier_name": "",
        "last_incident_date": "2026-03-27"
      },
      "geometry": {
        "type": "Point",
        "coordinates": [
          121.5225531,
          25.0943673
        ]
      }
    },
    {
      "type": "Feature",
      "properties": {
        "name": "臺北市士林區士林國小",
        "district": "士林區",
        "city": "taipei",
        "risk_level": "low",
        "supplier_name": "",
        "last_incident_date": ""
      },
      "geometry": {
        "type": "Point",
        "coordinates": [
          121.5249268,
          25.0933199
        ]
      }
    },
    {
      "type": "Feature",
      "properties": {
        "name": "臺北市士林區天母國中",
        "district": "士林區",
        "city": "taipei",
        "risk_level": "low",
        "supplier_name": "",
        "last_incident_date": ""
      },
      "geometry": {
        "type": "Point",
        "coordinates": [
          121.5381925,
          25.1180479
        ]
      }
    },
    {
      "type": "Feature",
      "properties": {
        "name": "臺北市士林區天母國小",
        "district": "士林區",
        "city": "taipei",
        "risk_level": "low",
        "supplier_name": "",
        "last_incident_date": ""
      },
      "geometry": {
        "type": "Point",
        "coordinates": [
          121.5272988,
          25.1198565
        ]
      }
    },
    {
      "type": "Feature",
      "properties": {
        "name": "臺北市士林區富安國小",
        "district": "士林區",
        "city": "taipei",
        "risk_level": "low",
        "supplier_name": "",
        "last_incident_date": ""
      },
      "geometry": {
        "type": "Point",
        "coordinates": [
          121.482581,
          25.105838
        ]
      }
    },
    {
      "type": "Feature",
      "properties": {
        "name": "臺北市士林區平等國小",
        "district": "士林區",
        "city": "taipei",
        "risk_level": "high",
        "supplier_name": "",
        "last_incident_date": "2026-03-24"
      },
      "geometry": {
        "type": "Point",
        "coordinates": [
          121.5767074,
          25.1288022
        ]
      }
    },
    {
      "type": "Feature",
      "properties": {
        "name": "臺北市士林區文昌國小",
        "district": "士林區",
        "city": "taipei",
        "risk_level": "low",
        "supplier_name": "",
        "last_incident_date": ""
      },
      "geometry": {
        "type": "Point",
        "coordinates": [
          121.5213458,
          25.0994218
        ]
      }
    },
    {
      "type": "Feature",
      "properties": {
        "name": "臺北市士林區格致國中",
        "district": "士林區",
        "city": "taipei",
        "risk_level": "low",
        "supplier_name": "",
        "last_incident_date": ""
      },
      "geometry": {
        "type": "Point",
        "coordinates": [
          121.546345,
          25.1308722
        ]
      }
    },
    {
      "type": "Feature",
      "properties": {
        "name": "臺北市士林區溪山實驗國小",
        "district": "士林區",
        "city": "taipei",
        "risk_level": "low",
        "supplier_name": "",
        "last_incident_date": ""
      },
      "geometry": {
        "type": "Point",
        "coordinates": [
          121.5796194,
          25.1195861
        ]
      }
    },
    {
      "type": "Feature",
      "properties": {
        "name": "臺北市士林區百齡國小",
        "district": "士林區",
        "city": "taipei",
        "risk_level": "low",
        "supplier_name": "",
        "last_incident_date": ""
      },
      "geometry": {
        "type": "Point",
        "coordinates": [
          121.5185773,
          25.0859766
        ]
      }
    },
    {
      "type": "Feature",
      "properties": {
        "name": "臺北市士林區社子國小",
        "district": "士林區",
        "city": "taipei",
        "risk_level": "low",
        "supplier_name": "",
        "last_incident_date": ""
      },
      "geometry": {
        "type": "Point",
        "coordinates": [
          121.5027354,
          25.0906111
        ]
      }
    },
    {
      "type": "Feature",
      "properties": {
        "name": "臺北市士林區福安國中",
        "district": "士林區",
        "city": "taipei",
        "risk_level": "low",
        "supplier_name": "",
        "last_incident_date": ""
      },
      "geometry": {
        "type": "Point",
        "coordinates": [
          121.4878824,
          25.1032614
        ]
      }
    },
    {
      "type": "Feature",
      "properties": {
        "name": "臺北市士林區福林國小",
        "district": "士林區",
        "city": "taipei",
        "risk_level": "low",
        "supplier_name": "",
        "last_incident_date": ""
      },
      "geometry": {
        "type": "Point",
        "coordinates": [
          121.5298544,
          25.098198
        ]
      }
    },
    {
      "type": "Feature",
      "properties": {
        "name": "臺北市士林區私立華興國小",
        "district": "士林區",
        "city": "taipei",
        "risk_level": "low",
        "supplier_name": "",
        "last_incident_date": ""
      },
      "geometry": {
        "type": "Point",
        "coordinates": [
          121.5387415,
          25.1045441
        ]
      }
    },
    {
      "type": "Feature",
      "properties": {
        "name": "臺北市士林區至善國中",
        "district": "士林區",
        "city": "taipei",
        "risk_level": "low",
        "supplier_name": "",
        "last_incident_date": ""
      },
      "geometry": {
        "type": "Point",
        "coordinates": [
          121.5555851,
          25.1036391
        ]
      }
    },
    {
      "type": "Feature",
      "properties": {
        "name": "臺北市士林區芝山國小",
        "district": "士林區",
        "city": "taipei",
        "risk_level": "high",
        "supplier_name": "",
        "last_incident_date": "2026-03-27"
      },
      "geometry": {
        "type": "Point",
        "coordinates": [
          121.5366139,
          25.1106601
        ]
      }
    },
    {
      "type": "Feature",
      "properties": {
        "name": "臺北市士林區葫蘆國小",
        "district": "士林區",
        "city": "taipei",
        "risk_level": "low",
        "supplier_name": "",
        "last_incident_date": ""
      },
      "geometry": {
        "type": "Point",
        "coordinates": [
          121.5074579,
          25.0839019
        ]
      }
    },
    {
      "type": "Feature",
      "properties": {
        "name": "臺北市士林區蘭雅國中",
        "district": "士林區",
        "city": "taipei",
        "risk_level": "low",
        "supplier_name": "",
        "last_incident_date": ""
      },
      "geometry": {
        "type": "Point",
        "coordinates": [
          121.531819,
          25.1105848
        ]
      }
    },
    {
      "type": "Feature",
      "properties": {
        "name": "臺北市士林區蘭雅國小",
        "district": "士林區",
        "city": "taipei",
        "risk_level": "low",
        "supplier_name": "",
        "last_incident_date": ""
      },
      "geometry": {
        "type": "Point",
        "coordinates": [
          121.523121,
          25.108283
        ]
      }
    },
    {
      "type": "Feature",
      "properties": {
        "name": "臺北市士林區陽明山國小",
        "district": "士林區",
        "city": "taipei",
        "risk_level": "high",
        "supplier_name": "",
        "last_incident_date": "2026-03-25"
      },
      "geometry": {
        "type": "Point",
        "coordinates": [
          121.5527652,
          25.1198928
        ]
      }
    },
    {
      "type": "Feature",
      "properties": {
        "name": "臺北市士林區雙溪國小",
        "district": "士林區",
        "city": "taipei",
        "risk_level": "low",
        "supplier_name": "",
        "last_incident_date": ""
      },
      "geometry": {
        "type": "Point",
        "coordinates": [
          121.56466,
          25.1065255
        ]
      }
    },
    {
      "type": "Feature",
      "properties": {
        "name": "臺北市士林區雨聲國小",
        "district": "士林區",
        "city": "taipei",
        "risk_level": "low",
        "supplier_name": "",
        "last_incident_date": ""
      },
      "geometry": {
        "type": "Point",
        "coordinates": [
          121.5352657,
          25.1026251
        ]
      }
    },
    {
      "type": "Feature",
      "properties": {
        "name": "臺北市士林區雨農國小",
        "district": "士林區",
        "city": "taipei",
        "risk_level": "low",
        "supplier_name": "",
        "last_incident_date": ""
      },
      "geometry": {
        "type": "Point",
        "coordinates": [
          121.5301968,
          25.1050237
        ]
      }
    },
    {
      "type": "Feature",
      "properties": {
        "name": "臺北市大同區大同國小",
        "district": "大同區",
        "city": "taipei",
        "risk_level": "low",
        "supplier_name": "",
        "last_incident_date": ""
      },
      "geometry": {
        "type": "Point",
        "coordinates": [
          121.5162473,
          25.0648965
        ]
      }
    },
    {
      "type": "Feature",
      "properties": {
        "name": "臺北市大同區大橋國小",
        "district": "大同區",
        "city": "taipei",
        "risk_level": "low",
        "supplier_name": "",
        "last_incident_date": ""
      },
      "geometry": {
        "type": "Point",
        "coordinates": [
          121.5134164,
          25.0640638
        ]
      }
    },
    {
      "type": "Feature",
      "properties": {
        "name": "臺北市大同區大龍國小",
        "district": "大同區",
        "city": "taipei",
        "risk_level": "low",
        "supplier_name": "",
        "last_incident_date": ""
      },
      "geometry": {
        "type": "Point",
        "coordinates": [
          121.5168631,
          25.0734158
        ]
      }
    },
    {
      "type": "Feature",
      "properties": {
        "name": "臺北市大同區太平國小",
        "district": "大同區",
        "city": "taipei",
        "risk_level": "low",
        "supplier_name": "",
        "last_incident_date": ""
      },
      "geometry": {
        "type": "Point",
        "coordinates": [
          121.511449,
          25.061383
        ]
      }
    },
    {
      "type": "Feature",
      "properties": {
        "name": "臺北市大同區延平國小",
        "district": "大同區",
        "city": "taipei",
        "risk_level": "low",
        "supplier_name": "",
        "last_incident_date": ""
      },
      "geometry": {
        "type": "Point",
        "coordinates": [
          121.5124288,
          25.0666472
        ]
      }
    },
    {
      "type": "Feature",
      "properties": {
        "name": "臺北市大同區建成國中",
        "district": "大同區",
        "city": "taipei",
        "risk_level": "high",
        "supplier_name": "",
        "last_incident_date": "2026-03-08"
      },
      "geometry": {
        "type": "Point",
        "coordinates": [
          121.5186507,
          25.0516308
        ]
      }
    },
    {
      "type": "Feature",
      "properties": {
        "name": "臺北市大同區忠孝國中",
        "district": "大同區",
        "city": "taipei",
        "risk_level": "low",
        "supplier_name": "",
        "last_incident_date": ""
      },
      "geometry": {
        "type": "Point",
        "coordinates": [
          121.5082165,
          25.051247
        ]
      }
    },
    {
      "type": "Feature",
      "properties": {
        "name": "臺北市大同區日新國小",
        "district": "大同區",
        "city": "taipei",
        "risk_level": "low",
        "supplier_name": "",
        "last_incident_date": ""
      },
      "geometry": {
        "type": "Point",
        "coordinates": [
          121.5164821,
          25.0544041
        ]
      }
    },
    {
      "type": "Feature",
      "properties": {
        "name": "臺北市大同區民權國中",
        "district": "大同區",
        "city": "taipei",
        "risk_level": "low",
        "supplier_name": "",
        "last_incident_date": ""
      },
      "geometry": {
        "type": "Point",
        "coordinates": [
          121.5138696,
          25.0637538
        ]
      }
    },
    {
      "type": "Feature",
      "properties": {
        "name": "臺北市大同區永樂國小",
        "district": "大同區",
        "city": "taipei",
        "risk_level": "low",
        "supplier_name": "",
        "last_incident_date": ""
      },
      "geometry": {
        "type": "Point",
        "coordinates": [
          121.5110848,
          25.061297
        ]
      }
    },
    {
      "type": "Feature",
      "properties": {
        "name": "臺北市大同區蓬萊國小",
        "district": "大同區",
        "city": "taipei",
        "risk_level": "low",
        "supplier_name": "",
        "last_incident_date": ""
      },
      "geometry": {
        "type": "Point",
        "coordinates": [
          121.5163712,
          25.0563265
        ]
      }
    },
    {
      "type": "Feature",
      "properties": {
        "name": "臺北市大同區蘭州國中",
        "district": "大同區",
        "city": "taipei",
        "risk_level": "high",
        "supplier_name": "",
        "last_incident_date": "2026-03-15"
      },
      "geometry": {
        "type": "Point",
        "coordinates": [
          121.5166706,
          25.0693236
        ]
      }
    },
    {
      "type": "Feature",
      "properties": {
        "name": "臺北市大同區重慶國中",
        "district": "大同區",
        "city": "taipei",
        "risk_level": "low",
        "supplier_name": "",
        "last_incident_date": ""
      },
      "geometry": {
        "type": "Point",
        "coordinates": [
          121.5180299,
          25.0759168
        ]
      }
    },
    {
      "type": "Feature",
      "properties": {
        "name": "臺北市大同區雙蓮國小",
        "district": "大同區",
        "city": "taipei",
        "risk_level": "low",
        "supplier_name": "",
        "last_incident_date": ""
      },
      "geometry": {
        "type": "Point",
        "coordinates": [
          121.5168171,
          25.0601267
        ]
      }
    },
    {
      "type": "Feature",
      "properties": {
        "name": "臺北市大安區仁愛國中",
        "district": "大安區",
        "city": "taipei",
        "risk_level": "low",
        "supplier_name": "",
        "last_incident_date": ""
      },
      "geometry": {
        "type": "Point",
        "coordinates": [
          121.5508351,
          25.037321
        ]
      }
    },
    {
      "type": "Feature",
      "properties": {
        "name": "臺北市大安區仁愛國小",
        "district": "大安區",
        "city": "taipei",
        "risk_level": "low",
        "supplier_name": "",
        "last_incident_date": ""
      },
      "geometry": {
        "type": "Point",
        "coordinates": [
          121.5522273,
          25.0358938
        ]
      }
    },
    {
      "type": "Feature",
      "properties": {
        "name": "臺北市大安區公館國小",
        "district": "大安區",
        "city": "taipei",
        "risk_level": "low",
        "supplier_name": "",
        "last_incident_date": ""
      },
      "geometry": {
        "type": "Point",
        "coordinates": [
          121.5432268,
          25.0118525
        ]
      }
    },
    {
      "type": "Feature",
      "properties": {
        "name": "臺北市大安區古亭國小",
        "district": "大安區",
        "city": "taipei",
        "risk_level": "low",
        "supplier_name": "",
        "last_incident_date": ""
      },
      "geometry": {
        "type": "Point",
        "coordinates": [
          121.5287222,
          25.0205359
        ]
      }
    },
    {
      "type": "Feature",
      "properties": {
        "name": "臺北市大安區和平實驗國小",
        "district": "大安區",
        "city": "taipei",
        "risk_level": "low",
        "supplier_name": "",
        "last_incident_date": ""
      },
      "geometry": {
        "type": "Point",
        "coordinates": [
          121.5466427,
          25.0206987
        ]
      }
    },
    {
      "type": "Feature",
      "properties": {
        "name": "臺北市大安區國立臺北教育大學附設實驗國小",
        "district": "大安區",
        "city": "taipei",
        "risk_level": "low",
        "supplier_name": "",
        "last_incident_date": ""
      },
      "geometry": {
        "type": "Point",
        "coordinates": [
          121.5405518,
          25.0244396
        ]
      }
    },
    {
      "type": "Feature",
      "properties": {
        "name": "臺北市大安區大安國中",
        "district": "大安區",
        "city": "taipei",
        "risk_level": "low",
        "supplier_name": "",
        "last_incident_date": ""
      },
      "geometry": {
        "type": "Point",
        "coordinates": [
          121.54625,
          25.0308602
        ]
      }
    },
    {
      "type": "Feature",
      "properties": {
        "name": "臺北市大安區大安國小",
        "district": "大安區",
        "city": "taipei",
        "risk_level": "high",
        "supplier_name": "",
        "last_incident_date": "2026-03-06"
      },
      "geometry": {
        "type": "Point",
        "coordinates": [
          121.5497544,
          25.0194828
        ]
      }
    },
    {
      "type": "Feature",
      "properties": {
        "name": "臺北市大安區幸安國小",
        "district": "大安區",
        "city": "taipei",
        "risk_level": "high",
        "supplier_name": "",
        "last_incident_date": "2026-03-29"
      },
      "geometry": {
        "type": "Point",
        "coordinates": [
          121.5349574,
          25.0369689
        ]
      }
    },
    {
      "type": "Feature",
      "properties": {
        "name": "臺北市大安區建安國小",
        "district": "大安區",
        "city": "taipei",
        "risk_level": "low",
        "supplier_name": "",
        "last_incident_date": ""
      },
      "geometry": {
        "type": "Point",
        "coordinates": [
          121.5461523,
          25.0294281
        ]
      }
    },
    {
      "type": "Feature",
      "properties": {
        "name": "臺北市大安區懷生國中",
        "district": "大安區",
        "city": "taipei",
        "risk_level": "low",
        "supplier_name": "",
        "last_incident_date": ""
      },
      "geometry": {
        "type": "Point",
        "coordinates": [
          121.5411475,
          25.0403808
        ]
      }
    },
    {
      "type": "Feature",
      "properties": {
        "name": "臺北市大安區新生國小",
        "district": "大安區",
        "city": "taipei",
        "risk_level": "low",
        "supplier_name": "",
        "last_incident_date": ""
      },
      "geometry": {
        "type": "Point",
        "coordinates": [
          121.5331684,
          25.0298538
        ]
      }
    },
    {
      "type": "Feature",
      "properties": {
        "name": "臺北市大安區民族實驗國中",
        "district": "大安區",
        "city": "taipei",
        "risk_level": "low",
        "supplier_name": "",
        "last_incident_date": ""
      },
      "geometry": {
        "type": "Point",
        "coordinates": [
          121.5388404,
          25.0111994
        ]
      }
    },
    {
      "type": "Feature",
      "properties": {
        "name": "臺北市大安區私立復興國小",
        "district": "大安區",
        "city": "taipei",
        "risk_level": "low",
        "supplier_name": "",
        "last_incident_date": ""
      },
      "geometry": {
        "type": "Point",
        "coordinates": [
          121.5484174,
          25.0393216
        ]
      }
    },
    {
      "type": "Feature",
      "properties": {
        "name": "臺北市大安區私立新民國小",
        "district": "大安區",
        "city": "taipei",
        "risk_level": "low",
        "supplier_name": "",
        "last_incident_date": ""
      },
      "geometry": {
        "type": "Point",
        "coordinates": [
          121.5316611,
          25.0222236
        ]
      }
    },
    {
      "type": "Feature",
      "properties": {
        "name": "臺北市大安區私立立人國中(小)",
        "district": "大安區",
        "city": "taipei",
        "risk_level": "low",
        "supplier_name": "",
        "last_incident_date": ""
      },
      "geometry": {
        "type": "Point",
        "coordinates": [
          121.5519283,
          25.0298352
        ]
      }
    },
    {
      "type": "Feature",
      "properties": {
        "name": "臺北市大安區金華國中",
        "district": "大安區",
        "city": "taipei",
        "risk_level": "low",
        "supplier_name": "",
        "last_incident_date": ""
      },
      "geometry": {
        "type": "Point",
        "coordinates": [
          121.5328307,
          25.0311309
        ]
      }
    },
    {
      "type": "Feature",
      "properties": {
        "name": "臺北市大安區金華國小",
        "district": "大安區",
        "city": "taipei",
        "risk_level": "low",
        "supplier_name": "",
        "last_incident_date": ""
      },
      "geometry": {
        "type": "Point",
        "coordinates": [
          121.5277667,
          25.0322766
        ]
      }
    },
    {
      "type": "Feature",
      "properties": {
        "name": "臺北市大安區銘傳國小",
        "district": "大安區",
        "city": "taipei",
        "risk_level": "low",
        "supplier_name": "",
        "last_incident_date": ""
      },
      "geometry": {
        "type": "Point",
        "coordinates": [
          121.5354217,
          25.0140674
        ]
      }
    },
    {
      "type": "Feature",
      "properties": {
        "name": "臺北市大安區龍安國小",
        "district": "大安區",
        "city": "taipei",
        "risk_level": "low",
        "supplier_name": "",
        "last_incident_date": ""
      },
      "geometry": {
        "type": "Point",
        "coordinates": [
          121.5352182,
          25.0236178
        ]
      }
    },
    {
      "type": "Feature",
      "properties": {
        "name": "臺北市大安區龍門國中",
        "district": "大安區",
        "city": "taipei",
        "risk_level": "low",
        "supplier_name": "",
        "last_incident_date": ""
      },
      "geometry": {
        "type": "Point",
        "coordinates": [
          121.5387036,
          25.0244738
        ]
      }
    },
    {
      "type": "Feature",
      "properties": {
        "name": "臺北市文山區力行國小",
        "district": "文山區",
        "city": "taipei",
        "risk_level": "high",
        "supplier_name": "",
        "last_incident_date": "2026-03-23"
      },
      "geometry": {
        "type": "Point",
        "coordinates": [
          121.5611275,
          24.9809608
        ]
      }
    },
    {
      "type": "Feature",
      "properties": {
        "name": "臺北市文山區北政國中",
        "district": "文山區",
        "city": "taipei",
        "risk_level": "low",
        "supplier_name": "",
        "last_incident_date": ""
      },
      "geometry": {
        "type": "Point",
        "coordinates": [
          121.5779958,
          24.9845598
        ]
      }
    },
    {
      "type": "Feature",
      "properties": {
        "name": "臺北市文山區博嘉實驗國小",
        "district": "文山區",
        "city": "taipei",
        "risk_level": "low",
        "supplier_name": "",
        "last_incident_date": ""
      },
      "geometry": {
        "type": "Point",
        "coordinates": [
          121.575794,
          25.0017864
        ]
      }
    },
    {
      "type": "Feature",
      "properties": {
        "name": "臺北市文山區國立政治大學附設實驗國小",
        "district": "文山區",
        "city": "taipei",
        "risk_level": "low",
        "supplier_name": "",
        "last_incident_date": ""
      },
      "geometry": {
        "type": "Point",
        "coordinates": [
          121.579681,
          24.9848538
        ]
      }
    },
    {
      "type": "Feature",
      "properties": {
        "name": "臺北市文山區實踐國中",
        "district": "文山區",
        "city": "taipei",
        "risk_level": "high",
        "supplier_name": "",
        "last_incident_date": "2026-03-03"
      },
      "geometry": {
        "type": "Point",
        "coordinates": [
          121.5555398,
          24.9835854
        ]
      }
    },
    {
      "type": "Feature",
      "properties": {
        "name": "臺北市文山區實踐國小",
        "district": "文山區",
        "city": "taipei",
        "risk_level": "low",
        "supplier_name": "",
        "last_incident_date": ""
      },
      "geometry": {
        "type": "Point",
        "coordinates": [
          121.557268,
          24.9831947
        ]
      }
    },
    {
      "type": "Feature",
      "properties": {
        "name": "臺北市文山區志清國小",
        "district": "文山區",
        "city": "taipei",
        "risk_level": "low",
        "supplier_name": "",
        "last_incident_date": ""
      },
      "geometry": {
        "type": "Point",
        "coordinates": [
          121.5388826,
          24.9985863
        ]
      }
    },
    {
      "type": "Feature",
      "properties": {
        "name": "臺北市文山區指南實驗國小",
        "district": "文山區",
        "city": "taipei",
        "risk_level": "low",
        "supplier_name": "",
        "last_incident_date": ""
      },
      "geometry": {
        "type": "Point",
        "coordinates": [
          121.5840716,
          24.9762353
        ]
      }
    },
    {
      "type": "Feature",
      "properties": {
        "name": "臺北市文山區明道國小",
        "district": "文山區",
        "city": "taipei",
        "risk_level": "low",
        "supplier_name": "",
        "last_incident_date": ""
      },
      "geometry": {
        "type": "Point",
        "coordinates": [
          121.5635125,
          24.9874606
        ]
      }
    },
    {
      "type": "Feature",
      "properties": {
        "name": "臺北市文山區景美國中",
        "district": "文山區",
        "city": "taipei",
        "risk_level": "low",
        "supplier_name": "",
        "last_incident_date": ""
      },
      "geometry": {
        "type": "Point",
        "coordinates": [
          121.5429395,
          24.9931712
        ]
      }
    },
    {
      "type": "Feature",
      "properties": {
        "name": "臺北市文山區景美國小",
        "district": "文山區",
        "city": "taipei",
        "risk_level": "low",
        "supplier_name": "",
        "last_incident_date": ""
      },
      "geometry": {
        "type": "Point",
        "coordinates": [
          121.5407883,
          24.9895171
        ]
      }
    },
    {
      "type": "Feature",
      "properties": {
        "name": "臺北市文山區景興國中",
        "district": "文山區",
        "city": "taipei",
        "risk_level": "low",
        "supplier_name": "",
        "last_incident_date": ""
      },
      "geometry": {
        "type": "Point",
        "coordinates": [
          121.543713,
          24.996515
        ]
      }
    },
    {
      "type": "Feature",
      "properties": {
        "name": "臺北市文山區景興國小",
        "district": "文山區",
        "city": "taipei",
        "risk_level": "low",
        "supplier_name": "",
        "last_incident_date": ""
      },
      "geometry": {
        "type": "Point",
        "coordinates": [
          121.5488254,
          24.9962827
        ]
      }
    },
    {
      "type": "Feature",
      "properties": {
        "name": "臺北市文山區木柵國中",
        "district": "文山區",
        "city": "taipei",
        "risk_level": "low",
        "supplier_name": "",
        "last_incident_date": ""
      },
      "geometry": {
        "type": "Point",
        "coordinates": [
          121.5666988,
          24.9874127
        ]
      }
    },
    {
      "type": "Feature",
      "properties": {
        "name": "臺北市文山區木柵國小",
        "district": "文山區",
        "city": "taipei",
        "risk_level": "high",
        "supplier_name": "",
        "last_incident_date": "2026-03-08"
      },
      "geometry": {
        "type": "Point",
        "coordinates": [
          121.5701489,
          24.9902695
        ]
      }
    },
    {
      "type": "Feature",
      "properties": {
        "name": "臺北市文山區武功國小",
        "district": "文山區",
        "city": "taipei",
        "risk_level": "low",
        "supplier_name": "",
        "last_incident_date": ""
      },
      "geometry": {
        "type": "Point",
        "coordinates": [
          121.5403992,
          25.0039259
        ]
      }
    },
    {
      "type": "Feature",
      "properties": {
        "name": "臺北市文山區永建國小",
        "district": "文山區",
        "city": "taipei",
        "risk_level": "low",
        "supplier_name": "",
        "last_incident_date": ""
      },
      "geometry": {
        "type": "Point",
        "coordinates": [
          121.5558131,
          24.9892632
        ]
      }
    },
    {
      "type": "Feature",
      "properties": {
        "name": "臺北市文山區溪口國小",
        "district": "文山區",
        "city": "taipei",
        "risk_level": "low",
        "supplier_name": "",
        "last_incident_date": ""
      },
      "geometry": {
        "type": "Point",
        "coordinates": [
          121.5390753,
          24.994284
        ]
      }
    },
    {
      "type": "Feature",
      "properties": {
        "name": "臺北市文山區私立中山國小",
        "district": "文山區",
        "city": "taipei",
        "risk_level": "low",
        "supplier_name": "",
        "last_incident_date": ""
      },
      "geometry": {
        "type": "Point",
        "coordinates": [
          121.556328,
          24.9883007
        ]
      }
    },
    {
      "type": "Feature",
      "properties": {
        "name": "臺北市文山區私立再興國小",
        "district": "文山區",
        "city": "taipei",
        "risk_level": "low",
        "supplier_name": "",
        "last_incident_date": ""
      },
      "geometry": {
        "type": "Point",
        "coordinates": [
          121.5582292,
          24.9901829
        ]
      }
    },
    {
      "type": "Feature",
      "properties": {
        "name": "臺北市文山區私立靜心國小",
        "district": "文山區",
        "city": "taipei",
        "risk_level": "low",
        "supplier_name": "",
        "last_incident_date": ""
      },
      "geometry": {
        "type": "Point",
        "coordinates": [
          121.5468002,
          24.9987787
        ]
      }
    },
    {
      "type": "Feature",
      "properties": {
        "name": "臺北市文山區興德國小",
        "district": "文山區",
        "city": "taipei",
        "risk_level": "low",
        "supplier_name": "",
        "last_incident_date": ""
      },
      "geometry": {
        "type": "Point",
        "coordinates": [
          121.5508457,
          25.0016269
        ]
      }
    },
    {
      "type": "Feature",
      "properties": {
        "name": "臺北市文山區興福國中",
        "district": "文山區",
        "city": "taipei",
        "risk_level": "low",
        "supplier_name": "",
        "last_incident_date": ""
      },
      "geometry": {
        "type": "Point",
        "coordinates": [
          121.5499886,
          25.0049235
        ]
      }
    },
    {
      "type": "Feature",
      "properties": {
        "name": "臺北市文山區興華國小",
        "district": "文山區",
        "city": "taipei",
        "risk_level": "high",
        "supplier_name": "",
        "last_incident_date": "2026-03-29"
      },
      "geometry": {
        "type": "Point",
        "coordinates": [
          121.5592502,
          24.9995861
        ]
      }
    },
    {
      "type": "Feature",
      "properties": {
        "name": "臺北市文山區興隆國小",
        "district": "文山區",
        "city": "taipei",
        "risk_level": "low",
        "supplier_name": "",
        "last_incident_date": ""
      },
      "geometry": {
        "type": "Point",
        "coordinates": [
          121.5519275,
          25.0024035
        ]
      }
    },
    {
      "type": "Feature",
      "properties": {
        "name": "臺北市文山區萬福國小",
        "district": "文山區",
        "city": "taipei",
        "risk_level": "low",
        "supplier_name": "",
        "last_incident_date": ""
      },
      "geometry": {
        "type": "Point",
        "coordinates": [
          121.5367507,
          25.004898
        ]
      }
    },
    {
      "type": "Feature",
      "properties": {
        "name": "臺北市文山區萬興國小",
        "district": "文山區",
        "city": "taipei",
        "risk_level": "low",
        "supplier_name": "",
        "last_incident_date": ""
      },
      "geometry": {
        "type": "Point",
        "coordinates": [
          121.5766713,
          24.9904073
        ]
      }
    },
    {
      "type": "Feature",
      "properties": {
        "name": "臺北市文山區萬芳國小",
        "district": "文山區",
        "city": "taipei",
        "risk_level": "low",
        "supplier_name": "",
        "last_incident_date": ""
      },
      "geometry": {
        "type": "Point",
        "coordinates": [
          121.5672899,
          25.0007508
        ]
      }
    },
    {
      "type": "Feature",
      "properties": {
        "name": "臺北市文山區辛亥國小",
        "district": "文山區",
        "city": "taipei",
        "risk_level": "low",
        "supplier_name": "",
        "last_incident_date": ""
      },
      "geometry": {
        "type": "Point",
        "coordinates": [
          121.5592414,
          25.0062244
        ]
      }
    },
    {
      "type": "Feature",
      "properties": {
        "name": "臺北市松山區三民國小",
        "district": "松山區",
        "city": "taipei",
        "risk_level": "low",
        "supplier_name": "",
        "last_incident_date": ""
      },
      "geometry": {
        "type": "Point",
        "coordinates": [
          121.5641784,
          25.0638072
        ]
      }
    },
    {
      "type": "Feature",
      "properties": {
        "name": "臺北市松山區中山國中",
        "district": "松山區",
        "city": "taipei",
        "risk_level": "low",
        "supplier_name": "",
        "last_incident_date": ""
      },
      "geometry": {
        "type": "Point",
        "coordinates": [
          121.5455307,
          25.0606103
        ]
      }
    },
    {
      "type": "Feature",
      "properties": {
        "name": "臺北市松山區介壽國中",
        "district": "松山區",
        "city": "taipei",
        "risk_level": "high",
        "supplier_name": "",
        "last_incident_date": "2026-03-22"
      },
      "geometry": {
        "type": "Point",
        "coordinates": [
          121.5563789,
          25.0568339
        ]
      }
    },
    {
      "type": "Feature",
      "properties": {
        "name": "臺北市松山區健康國小",
        "district": "松山區",
        "city": "taipei",
        "risk_level": "low",
        "supplier_name": "",
        "last_incident_date": ""
      },
      "geometry": {
        "type": "Point",
        "coordinates": [
          121.5627472,
          25.0564197
        ]
      }
    },
    {
      "type": "Feature",
      "properties": {
        "name": "臺北市松山區敦化國中",
        "district": "松山區",
        "city": "taipei",
        "risk_level": "low",
        "supplier_name": "",
        "last_incident_date": ""
      },
      "geometry": {
        "type": "Point",
        "coordinates": [
          121.5467051,
          25.0509665
        ]
      }
    },
    {
      "type": "Feature",
      "properties": {
        "name": "臺北市松山區敦化國小",
        "district": "松山區",
        "city": "taipei",
        "risk_level": "low",
        "supplier_name": "",
        "last_incident_date": ""
      },
      "geometry": {
        "type": "Point",
        "coordinates": [
          121.5481039,
          25.0491523
        ]
      }
    },
    {
      "type": "Feature",
      "properties": {
        "name": "臺北市松山區松山國小",
        "district": "松山區",
        "city": "taipei",
        "risk_level": "low",
        "supplier_name": "",
        "last_incident_date": ""
      },
      "geometry": {
        "type": "Point",
        "coordinates": [
          121.5782972,
          25.0504278
        ]
      }
    },
    {
      "type": "Feature",
      "properties": {
        "name": "臺北市松山區民族國小",
        "district": "松山區",
        "city": "taipei",
        "risk_level": "low",
        "supplier_name": "",
        "last_incident_date": ""
      },
      "geometry": {
        "type": "Point",
        "coordinates": [
          121.5513308,
          25.0594659
        ]
      }
    },
    {
      "type": "Feature",
      "properties": {
        "name": "臺北市松山區民權國小",
        "district": "松山區",
        "city": "taipei",
        "risk_level": "low",
        "supplier_name": "",
        "last_incident_date": ""
      },
      "geometry": {
        "type": "Point",
        "coordinates": [
          121.5623183,
          25.0622135
        ]
      }
    },
    {
      "type": "Feature",
      "properties": {
        "name": "臺北市松山區民生國中",
        "district": "松山區",
        "city": "taipei",
        "risk_level": "high",
        "supplier_name": "",
        "last_incident_date": "2026-03-30"
      },
      "geometry": {
        "type": "Point",
        "coordinates": [
          121.5667159,
          25.0597793
        ]
      }
    },
    {
      "type": "Feature",
      "properties": {
        "name": "臺北市松山區民生國小",
        "district": "松山區",
        "city": "taipei",
        "risk_level": "low",
        "supplier_name": "",
        "last_incident_date": ""
      },
      "geometry": {
        "type": "Point",
        "coordinates": [
          121.5521795,
          25.0565153
        ]
      }
    },
    {
      "type": "Feature",
      "properties": {
        "name": "臺北市松山區私立育達高中附設國小",
        "district": "松山區",
        "city": "taipei",
        "risk_level": "low",
        "supplier_name": "",
        "last_incident_date": ""
      },
      "geometry": {
        "type": "Point",
        "coordinates": [
          121.5543494,
          25.0506438
        ]
      }
    },
    {
      "type": "Feature",
      "properties": {
        "name": "臺北市松山區西松國小",
        "district": "松山區",
        "city": "taipei",
        "risk_level": "low",
        "supplier_name": "",
        "last_incident_date": ""
      },
      "geometry": {
        "type": "Point",
        "coordinates": [
          121.5628828,
          25.052771
        ]
      }
    },
    {
      "type": "Feature",
      "properties": {
        "name": "臺北市萬華區大理國小",
        "district": "萬華區",
        "city": "taipei",
        "risk_level": "low",
        "supplier_name": "",
        "last_incident_date": ""
      },
      "geometry": {
        "type": "Point",
        "coordinates": [
          121.4937164,
          25.0313314
        ]
      }
    },
    {
      "type": "Feature",
      "properties": {
        "name": "臺北市萬華區新和國小",
        "district": "萬華區",
        "city": "taipei",
        "risk_level": "low",
        "supplier_name": "",
        "last_incident_date": ""
      },
      "geometry": {
        "type": "Point",
        "coordinates": [
          121.5028585,
          25.0261174
        ]
      }
    },
    {
      "type": "Feature",
      "properties": {
        "name": "臺北市萬華區東園國小",
        "district": "萬華區",
        "city": "taipei",
        "risk_level": "low",
        "supplier_name": "",
        "last_incident_date": ""
      },
      "geometry": {
        "type": "Point",
        "coordinates": [
          121.4978536,
          25.0231992
        ]
      }
    },
    {
      "type": "Feature",
      "properties": {
        "name": "臺北市萬華區福星國小",
        "district": "萬華區",
        "city": "taipei",
        "risk_level": "low",
        "supplier_name": "",
        "last_incident_date": ""
      },
      "geometry": {
        "type": "Point",
        "coordinates": [
          121.508879,
          25.0467891
        ]
      }
    },
    {
      "type": "Feature",
      "properties": {
        "name": "臺北市萬華區私立光仁國小",
        "district": "萬華區",
        "city": "taipei",
        "risk_level": "high",
        "supplier_name": "",
        "last_incident_date": "2026-03-27"
      },
      "geometry": {
        "type": "Point",
        "coordinates": [
          121.4995444,
          25.021642
        ]
      }
    },
    {
      "type": "Feature",
      "properties": {
        "name": "臺北市萬華區老松國小",
        "district": "萬華區",
        "city": "taipei",
        "risk_level": "low",
        "supplier_name": "",
        "last_incident_date": ""
      },
      "geometry": {
        "type": "Point",
        "coordinates": [
          121.5026351,
          25.0374164
        ]
      }
    },
    {
      "type": "Feature",
      "properties": {
        "name": "臺北市萬華區華江國小",
        "district": "萬華區",
        "city": "taipei",
        "risk_level": "low",
        "supplier_name": "",
        "last_incident_date": ""
      },
      "geometry": {
        "type": "Point",
        "coordinates": [
          121.4912626,
          25.0340923
        ]
      }
    },
    {
      "type": "Feature",
      "properties": {
        "name": "臺北市萬華區萬大國小",
        "district": "萬華區",
        "city": "taipei",
        "risk_level": "low",
        "supplier_name": "",
        "last_incident_date": ""
      },
      "geometry": {
        "type": "Point",
        "coordinates": [
          121.4992855,
          25.0236071
        ]
      }
    },
    {
      "type": "Feature",
      "properties": {
        "name": "臺北市萬華區萬華國中",
        "district": "萬華區",
        "city": "taipei",
        "risk_level": "low",
        "supplier_name": "",
        "last_incident_date": ""
      },
      "geometry": {
        "type": "Point",
        "coordinates": [
          121.4989765,
          25.0285877
        ]
      }
    },
    {
      "type": "Feature",
      "properties": {
        "name": "臺北市萬華區西園國小",
        "district": "萬華區",
        "city": "taipei",
        "risk_level": "low",
        "supplier_name": "",
        "last_incident_date": ""
      },
      "geometry": {
        "type": "Point",
        "coordinates": [
          121.4983379,
          25.0267763
        ]
      }
    },
    {
      "type": "Feature",
      "properties": {
        "name": "臺北市萬華區西門國小",
        "district": "萬華區",
        "city": "taipei",
        "risk_level": "low",
        "supplier_name": "",
        "last_incident_date": ""
      },
      "geometry": {
        "type": "Point",
        "coordinates": [
          121.503981,
          25.0425653
        ]
      }
    },
    {
      "type": "Feature",
      "properties": {
        "name": "臺北市萬華區雙園國中",
        "district": "萬華區",
        "city": "taipei",
        "risk_level": "low",
        "supplier_name": "",
        "last_incident_date": ""
      },
      "geometry": {
        "type": "Point",
        "coordinates": [
          121.4920072,
          25.0276017
        ]
      }
    },
    {
      "type": "Feature",
      "properties": {
        "name": "臺北市萬華區雙園國小",
        "district": "萬華區",
        "city": "taipei",
        "risk_level": "low",
        "supplier_name": "",
        "last_incident_date": ""
      },
      "geometry": {
        "type": "Point",
        "coordinates": [
          121.4981343,
          25.0308536
        ]
      }
    },
    {
      "type": "Feature",
      "properties": {
        "name": "臺北市萬華區龍山國中",
        "district": "萬華區",
        "city": "taipei",
        "risk_level": "low",
        "supplier_name": "",
        "last_incident_date": ""
      },
      "geometry": {
        "type": "Point",
        "coordinates": [
          121.5053509,
          25.0355438
        ]
      }
    },
    {
      "type": "Feature",
      "properties": {
        "name": "臺北市萬華區龍山國小",
        "district": "萬華區",
        "city": "taipei",
        "risk_level": "low",
        "supplier_name": "",
        "last_incident_date": ""
      },
      "geometry": {
        "type": "Point",
        "coordinates": [
          121.4961552,
          25.0356648
        ]
      }
    }
  ]
}